MFCC_1,MFCC_2,MFCC_3,MFCC_4,MFCC_5,MFCC_6,MFCC_7,MFCC_8,MFCC_9,MFCC_10,MFCC_11,MFCC_12,MFCC_13,MFCC_14,MFCC_15,MFCC_16,de_MFCC_1,de_MFCC_2,de_MFCC_3,de_MFCC_4,de_MFCC_5,de_MFCC_6,de_MFCC_7,de_MFCC_8,de_MFCC_9,de_MFCC_10,de_MFCC_11,de_MFCC_12,de_MFCC_13,de_MFCC_14,de_MFCC_15,de_MFCC_16,Centroid,Spread,Energy,FLatness,Slope,Inharmonicity,Tristimulus1,Tristimulus2,Tristimulus3,Harmonic Energy,Noise Energy,Noisiness
-706.2902609717094,30.767102230297734,0.15452838636017463,3.7123865945654586,5.953314553918188,3.380714444016646,-0.7779108255406298,-3.619000084663229,-5.069315500939394,-13.675673871399633,-12.920299281078442,1.8382588877031818,-0.3160879662542577,-2.921140382198544,-0.44084993483472407,-2.9176710540185873,-3.317378317164197,-0.9776183412949392,1.8863139233467943,0.8207941190990684,0.19705161851448263,-0.1675313391362023,0.3177665461587665,0.7539268336279129,0.7772592351342862,1.7785416519840374,1.8138498879812126,-0.10262364454130206,-0.33092183346183923,-0.2603342223760705,0.2316381761020269,0.7575993903551556,2617.3184301921087,0.2842209053662818,8.56379047036171e-05,0.12483479082584381,-3.799809444338011e-07,0.07481013983488083,0.0,0.0,1.0,0.0844608464883956,0.16666949599512493,0.663677253600138
-691.2730467757294,45.11527048231723,14.068374879554366,18.281728758100567,15.269250009326097,4.940631688172898,-9.065721894503714,-6.8865725762207415,1.9589385691506338,-9.928503144815954,-13.392761989504418,4.875123548718698,2.141842061524936,-2.1283316566100225,-3.846738526356675,-7.5133824170069445,-3.317378317164197,-0.9776183412949392,1.8863139233467943,0.8207941190990684,0.19705161851448263,-0.1675313391362023,0.3177665461587665,0.7539268336279129,0.7772592351342862,1.7785416519840374,1.8138498879812126,-0.10262364454130206,-0.33092183346183923,-0.2603342223760705,0.2316381761020269,0.7575993903551556,2582.920673640426,0.28340769083899675,9.795930236577988e-05,0.1932457685470581,-3.908966480398598e-07,0.10127364844083786,0.0,0.13276976346969604,0.8672301769256592,0.03870810753788341,0.20390288346324575,0.8404519623032938
-683.2029884574065,52.091267954191665,8.449748952108672,7.850720716819509,8.814806614707864,-0.8643906029027488,-1.1215895357806056,4.469697783558295,-5.422698561598426,-16.269779774578126,-11.27245042405136,-1.7649450678400935,-4.140442823258821,-6.366854813531154,-9.083257067697868,-5.362438369658287,-3.317378317164197,-0.9776183412949392,1.8863139233467943,0.8207941190990684,0.19705161851448263,-0.1675313391362023,0.3177665461587665,0.7539268336279129,0.7772592351342862,1.7785416519840374,1.8138498879812126,-0.10262364454130206,-0.33092183346183923,-0.2603342223760705,0.2316381761020269,0.7575993903551556,2455.3725528170617,0.28551091060932,0.0001080930233001709,0.17406615614891052,-3.550716859970251e-07,0.08825604617595673,0.0,0.12880675494670868,0.8711932897567749,0.07354978329226566,0.14013498419239925,0.6558024038959915
-703.1604321232852,41.65206500511059,13.404110067522147,18.37480125841035,19.476024788213966,0.16765273777569234,-9.361341448975693,-4.87374299427345,-5.423693662522397,-12.202351161150872,-12.392603779048082,-7.439527084660454,-3.2290205656934745,-2.1087848435853993,-4.6271221212002756,-7.804824501978292,-3.317378317164197,-0.9776183412949392,1.8863139233467943,0.8207941190990684,0.19705161851448263,-0.1675313391362023,0.3177665461587665,0.7539268336279129,0.7772592351342862,1.7785416519840374,1.8138498879812126,-0.10262364454130206,-0.33092183346183923,-0.2603342223760705,0.2316381761020269,0.7575993903551556,2546.379969587967,0.2902439880765572,0.00011286232620477676,0.15767252445220947,-3.825999672489142e-07,0.1091722697019577,0.0,0.2750466465950012,0.7249534130096436,0.031853256014068514,0.1565431084363862,0.8309242531989229
-696.6774802766569,44.267466165111244,8.491388201062694,10.273177082681649,15.342956300288115,2.3491481108074064,-2.5604649568436226,12.629946557747436,16.218980959156617,4.710508713723748,1.0510759133485537,6.765844767483762,2.405237572706304,-12.541643031065092,-17.3785521535143,-15.143247085834137,-3.317378317164143,-0.9776183412949438,1.8863139233467954,0.8207941190990679,0.19705161851448144,-0.16753133913620238,0.3177665461587673,0.753926833627913,0.7772592351342863,1.778541651984039,1.8138498879812142,-0.10262364454130196,-0.3309218334618393,-0.26033422237607046,0.2316381761020278,0.7575993903551567,2500.4003800951373,0.293924536072219,7.61495903134346e-05,0.14482547342777252,-3.5454481374379995e-07,0.21144521236419678,0.02864702045917511,0.10742731392383575,0.8639256954193115,0.029655853438513003,0.1298742497681215,0.8141049692665172
-707.8863189417115,41.07916390297436,15.582876077529903,9.903709238077134,7.456089899812999,-0.9676319077003741,-0.6109546419434257,9.717369595670991,8.029677180642015,-4.176271384651086,-9.205447059147456,-8.953463436128501,-9.797846573514422,-9.383830393176613,-3.5379367186048,-0.4696194453586715,-3.7146497641470306,-1.545270765349854,1.3533349703744273,0.24406388025099285,-0.4536995214235227,-0.08332728110191599,0.39574603354708826,0.008652877302556539,-0.09736549019850455,1.2707857347086369,1.9553144185699025,0.11726566656347014,-0.8125939240433254,-0.6700456494077613,0.23758843285311174,0.7723312680343434,2640.5839737300994,0.2976705780982368,5.9436075389385223e-05,0.19102390110492706,-3.7898905080763483e-07,0.21640129387378693,0.15379975736141205,0.40387028455734253,0.4423300325870514,0.05214486061191105,0.11408408941174007,0.6863069844061949
-717.7293487821407,32.862389038378836,16.926702714050332,14.822453381772558,10.451629853984997,-3.0329264935208142,-7.720624963124945,-1.4728650474743175,1.1957465585145204,-2.2171396719201932,-1.673780985604633,0.2543716064729127,-5.293965823888771,-9.391139034770415,-5.626489294323098,-4.528255135706559,-2.447633209148171,-0.8954646407285556,1.8638323591517822,0.8040524154939491,-0.2847494111797777,0.43309622848786544,0.23309111893387435,-0.6473087688214975,-0.5242283116775166,0.5427275068531132,1.3805035894553768,0.5620723802282686,-0.5771737461603512,-0.19835565456708287,0.6620166879930603,0.6505229858088615,2804.6773554396473,0.3124723746636579,4.6620145440101624e-05,0.21640561521053314,-2.4240579999801394e-07,0.1733446717262268,0.20447367429733276,0.16871000826358795,0.6268163919448853,0.033868788913117044,0.16272063629306735,0.8277181548417714
-718.2880930890382,32.758594535408534,18.338686675449576,15.949233240598605,14.728451465394812,3.129340310068044,-3.891766294624719,-2.2006295787452674,-1.5517830320865238,-5.727147180167991,-6.79911631781529,-2.450410527072222,-2.175345284527248,-1.589357688171412,1.6243468681395627,2.177147591975205,10.542992661265508,3.098272178746199,1.2835278857415444,2.8308402470389447,0.1979581186559533,1.2616199876401983,-0.36027653424612915,-1.6376409928502402,-1.4924910011786796,-0.2860661626253379,0.7632076999696097,0.11322953905615334,-0.45719892442510524,-0.18663669435706276,0.11872162581274237,0.249662955962406,2945.375519870625,0.3084681892459856,4.844740033149719e-05,0.22820299863815308,-2.8857414820031287e-07,0.19166149199008942,0.0,0.7753326892852783,0.2246672511100769,16.36686008143696,446.2413857681724,0.9646204748223236
-717.3449991272163,35.12799880449558,20.46333500616792,16.405576691784724,11.501259842045549,3.594301997230301,1.2200416788457364,3.4989484396790553,2.55004895615519,0.8185939394210547,3.746090885674399,5.1618805271373525,0.17694304362750457,-3.899480696151124,-3.0702715765127424,-1.0724705865586226,35.829534203732855,9.628053798662,-4.363410894061289,5.930829585570277,0.4843648932113622,0.16615444775717475,-1.4318654727751736,-5.524744519941799,-0.9584754373563739,-3.0931551065309844,-0.6069321672028161,-1.4147721112352951,0.07063412396053614,0.8130522492351092,1.025298905801737,-0.3345408005316845,2876.3438417450143,0.3050225516484677,6.312411278486252e-05,0.24479827284812927,-2.814161154809023e-07,0.042885180562734604,0.0,0.3333234190940857,0.6666766405105591,887.3694964853437,4186.214976170906,0.8251000843155833
-708.5594876263301,41.95666538087562,20.78209296241571,15.602009914774692,10.04553554045535,0.21137788648024997,-6.330502377872306,-3.8395712152316164,-3.6612511371995584,-5.188687303766251,2.557518800871694,0.5722993623962598,-11.88714299072403,-15.076886562542125,-10.856401361416566,-6.790623268325191,57.874175522923544,14.71688276045249,-9.454805382541702,7.463191881869107,0.006950290214239502,-0.1366971293372074,-2.1981579795170005,-7.668282681192258,0.5565870681645708,-4.105726588243481,0.40078920781832156,-2.060862111936897,1.2841551943258112,1.4077642928430312,1.211284786068415,-2.489981960412825,2640.433475522635,0.29520682768158973,0.00010372605174779892,0.17418743669986725,-3.9278319263070194e-07,0.21336182951927185,0.13124755024909973,0.2773667871952057,0.5913856625556946,144.10482910623477,15074.435209956266,0.9905309688881884
-702.933992005234,45.080724083638856,24.198821116182692,17.41351965177358,11.719190220555992,3.952438965233261,-0.9684024597743894,1.5294362695927166,-5.378124076070451,-11.055438728789323,-3.7265786886565104,-0.16651030679946555,-7.095935254598566,-5.885812686528137,-2.9257585028266195,-4.062324516736422,71.13265720013801,18.37258598719474,-12.560110515118001,7.917031283784601,-1.2519081581383826,-0.2772417568522711,-2.39128007239095,-8.371161368284804,1.4843490351453639,-5.180090704836472,0.06991349292397732,-3.8637224330361124,1.2108247084764938,1.784327398763499,1.8939588014807114,-2.9609532174354047,2525.5034017924727,0.24618305728006423,0.020893418230116367,0.12455686181783676,-4.874294049530764e-07,0.014059207402169704,0.07478655129671097,0.7651535868644714,0.1600598692893982,10012.29122730123,10184.08572582377,0.5042531019034074
-540.0826614792916,86.51105106692805,17.39268715183301,52.237216871323746,23.606090810516044,15.643172391781183,-15.334929127997786,-15.577458137248044,-6.1063413442716605,-4.921608461923865,-4.597698225829477,-6.531576322534225,-3.2842038198656627,-8.426594517316122,-10.665715080071607,-10.074016315169214,71.92565928613463,17.17123066278938,-10.492689362004004,7.652510841460712,-1.4258672996942623,0.38020363871454244,-3.286832480928241,-7.675679575665852,0.9597237181690073,-4.992381697921721,-1.2740852473290596,-3.993950180976245,1.2496934634495287,1.3337639435573367,1.623048698291568,-2.5134649182357065,1459.4220311463387,0.16958854083502223,2.5718702748417854,0.02648049034178257,-7.659152226378869e-07,0.024799618870019913,0.06769717484712601,0.651738166809082,0.28056466579437256,10686.559790220374,9683.471459779626,0.4753783310852617
-294.91704007160956,146.20567253807917,-62.56404428839168,66.27676283775628,11.03287781338063,-10.379830520926234,-15.761893414793832,-52.361515691102184,16.258165636067016,-36.84328051695229,-12.821478147827978,-16.817388751972302,1.9084515087818703,0.5554328450377164,5.1165868662526535,-10.949084035861464,51.626575589378376,15.90261478087367,-5.891684381991297,5.620784016460362,-0.9412126089808708,-0.14089624459874928,-3.394477584938537,-5.613540771606888,0.4618424819982541,-4.262722989785884,-2.2964836214229205,-3.3212860383455127,1.1608695313651485,2.701858646773631,1.7102874957940597,-1.4105529772062844,1255.2311371500766,0.15573782234108272,12.926285311579704,0.003519692225381732,-7.221815297797717e-07,0.04895981028676033,0.06721220165491104,0.6386188864707947,0.2941688001155853,10117.376184579067,9827.076940420933,0.49272230623876445
-249.5883852161258,147.4605330994408,-67.08201617445948,64.86487781876612,2.631106016291639,-3.854361110061732,-21.283680544605197,-59.95959031771898,9.340991309095182,-37.226825766598694,5.934622277384699,-23.68989424013283,6.435317184095485,8.187906501779363,12.682930657673667,-26.130681740318202,38.971806602012364,1.2717990057408397,-1.6358867566071238,2.2711890313451026,-4.498862317267969,0.884647486311967,-1.3758313376079205,-3.650107094491313,-0.25679925812989984,-3.260591183623855,-1.880129876543384,-1.3731994860028836,1.6485262273613392,2.627485752574964,2.0998850299756358,-0.09529263169301566,1212.1748645782761,0.19368196234691393,17.337669417262077,0.0014418285572901368,-7.41959092035714e-07,0.0853448435664177,0.07052227854728699,0.6066920161247253,0.32278579473495483,6076.655570076929,10461.844429923072,0.6325751688437931
-255.59745774931815,155.74729163497074,-65.04838677536236,62.79679439279284,-2.409931234446074,1.1753408515454895,-19.80381612715268,-52.85636122162132,9.048615541620807,-37.52957378691815,-0.10279376471848178,-29.006248543485846,3.393918926499804,6.1507940223180615,10.347854094018047,-21.952526411655125,26.202248344157276,-12.2181736313256,2.2859516942509837,-1.1609746972494723,-7.434130109729907,0.2575679455917712,0.1775548700000666,-1.431529536221349,-1.1301000199217095,-1.3753887056046574,-2.0002079314606482,0.13079772529917422,0.7316448716876712,1.5728204517033428,0.5148993136790989,0.10904726875810439,1158.9209407585713,0.19509210481879496,5.221674752421677,0.0017263494664803147,-7.992568987415348e-07,0.09237390756607056,0.09738889336585999,0.6585947275161743,0.2440163642168045,1217.3918968343148,5806.573923478185,0.8266802646855488
-317.203649018951,121.82941388150012,-9.295091498881536,59.096237838261764,7.652628141225296,16.262552619860656,-26.251398331928204,-33.53659342634031,-3.9400458498323756,-29.38571717578242,-22.438558413420154,-20.439750026190726,2.7449979768065824,-2.3633124887154673,2.1262307378000447,-8.473065196960242,4.102344912731129,-22.520192605596502,4.854501249873878,-4.3322477883995205,-8.083126897421614,-1.3048482978823919,0.7440706494244561,2.2168161398880346,-2.625685792409067,0.20031040099013195,-1.1159658019043246,1.8216112136843186,0.9035576484976217,0.5793533920770998,-0.3596208548645579,1.8070573518831694,1092.0502568407148,0.22789624220944044,0.2091379091143608,0.005371020641177893,-7.891778723891064e-07,0.0,1.0,0.0,0.0,28.90473347250372,2092.5176298087463,0.9863748332379243
-532.7550804358247,143.19200485833807,20.388237399617097,42.248113388704596,11.486058182812169,-4.2945902894816275,-23.851555441849378,-20.14296468536797,-1.3884207515837295,-23.661106648121937,-16.39907811272307,-10.188924408862242,-1.058927053082706,16.921289840886367,0.37309905312703234,-8.00966649442999,-11.06624801224823,-21.59124368009674,9.17435242920576,-3.604518383531034,-3.7502359026971392,-0.01480335989646974,0.9954820642224267,4.316306574755466,-3.1503938688763244,2.7910310647385885,-1.27558457020566,2.263896470635181,0.7334624055567565,-1.030877772544216,-1.9174782611408205,1.7197980630325826,771.0612745679706,0.23067806534798976,0.39790228474885225,0.0018874737434089184,-1.9119085280908254e-07,0.0,1.0,0.0,0.0,35.92235369574723,2694.626230288628,0.9868442722805065
-372.885974083945,-32.594396295545124,13.066704347833,28.484381710024813,-45.92511659365425,16.46787916503825,-3.33689242537994,-33.23359788920487,-9.786277726121186,-32.239676444203866,-10.399295781211173,-2.507580551393268,4.927026515793553,2.799591521901031,10.463941205375548,-3.3091212256063205,-8.083636405288066,-13.435014963806575,4.602399021420259,-1.1312394471416582,0.11748246752819491,-1.1542494101516478,1.093874377359419,4.045796372393883,-2.4622918710368022,1.956975865592889,-2.5428526054654115,1.383618671432763,-0.6374704560138886,-2.001858468902449,-1.4567070905724955,1.8225907057895763,3831.685533376489,0.19086910630383666,2.106498496606946,0.1077670156955719,-3.405892910564687e-08,0.0,1.0,0.0,0.0,33.63369128243926,5056.133398561311,0.9933918997296453
-299.474946256571,-40.948181220034485,5.809711620048548,31.27001028365764,-49.12632658821404,-0.8744204790358743,-2.0168464763782503,-29.416426685471677,-7.426119604951678,-19.74908240826843,-20.49640433888119,-5.349309480708131,0.12658415172660037,3.7417308093085104,-6.038592125194288,-13.384399709092257,-1.0525344998896984,-3.8781043440570073,-1.3878056100693423,2.547986151691218,3.3482436542261205,-2.289767477835692,1.0124918722088987,2.4293247298227505,-1.8421576836439035,1.2257346073537823,-1.7234084287057054,0.11544815133684995,-1.0122505107735256,-1.8473202930687478,-1.356521961521483,1.1847630783798753,3760.520744382909,0.21207959680677096,0.7638223618268967,0.0912603884935379,-1.2823056222866277e-07,0.0,1.0,0.0,0.0,1.4402175604018908,5834.081266814598,0.9997531981393166
-344.19085804406734,-17.76016130678299,-22.503627336280136,36.83598276629766,-31.71729539895377,-19.852246960165683,-22.44411382138109,-21.075378141470814,-15.55552070873431,-20.698292474481256,-3.3399604948053465,-3.10395544874327,13.472918254436703,-2.124483574065632,-4.090460173082953,3.9618354813391843,6.068581001269233,4.350410604321818,-5.282406216433297,4.980490015540011,5.672793402040119,-1.934896602816934,0.29312277776717355,0.5360387923025444,-0.5541054564181214,-0.1118363224120951,-0.7840161883458413,-0.7698325156020769,-1.667764923885853,-2.1752013502425984,-0.8187501734705427,-0.6101340360058266,3241.409319558685,0.25018059061135867,0.4502216409891844,0.1328710913658142,-3.951359839196364e-07,0.04727792367339134,0.19821590185165405,0.6131513118743896,0.1886327564716339,3038.833527929258,2885.860319726992,0.4870902014403006
-354.0995801145019,83.20622711305998,0.5979523616760548,56.64701446076897,17.29327419496149,2.3700824972009684,-14.5814487958998,-28.575792354315023,-2.6264328413472655,-15.550970387181055,-17.812319992741223,-14.609907686074997,8.72034704201716,-7.2596355823911205,-4.956748435079887,-13.29655035073569,8.870801018060876,6.35150937306992,-1.5569555868665963,6.277059972565652,6.616610769641288,1.7066698408678371,-1.3338117704994672,-0.8933080733212144,0.6444867006083491,-0.37367866977139674,-1.93758362588285,-1.9217597560838424,-1.290999991903569,-2.180173945549807,-1.5739600097755961,-1.3406733939092463,1572.8762669023126,0.2183279911029193,2.8019165387377143,0.021906113252043724,-7.70833167411772e-07,0.055782098323106766,0.18264153599739075,0.614509105682373,0.2028494030237198,3158.8572952624786,3192.0850875500214,0.502615973369359
-341.7927685538142,116.17094114750999,-37.031885842343,66.38327437290295,24.453996920004986,-4.861801159176315,-16.154659879294915,-21.395313524699286,-11.519938326437833,-29.67785874312215,-27.450989536347283,-23.610670832461786,-12.781898682768247,-8.60667302765593,7.02204444593152,-10.157570234648288,-3.6891883489246147,9.80208854583095,3.5249999237999536,6.8168327222524985,6.993474320082984,3.5051036785641347,-0.5882782580138737,-0.6400038989261002,0.48326694046320223,-0.1059998533518384,-1.1901357851847538,-1.3455266986890262,-2.0340494574315544,-1.0640742730760269,-1.9486434002950908,-1.13665378007784,1019.72438891947,0.15087612231414219,4.210216433741152,0.0021831945050507784,-7.831164982072463e-07,0.03201786428689957,0.16828373074531555,0.6043237447738647,0.2273925393819809,2787.8339804940824,3222.8198280996676,0.5361845700532331
-349.44516476714705,128.10391115005675,-46.27514972880758,86.26395846707982,28.757133690111175,-11.580210843752463,-12.047239857468675,-24.345591302970824,-10.837513565048603,-25.86486262400772,-23.252809734701092,-22.536750305785922,-7.170776222632676,-3.555008483877393,-7.368311521184715,-2.091998706274488,-5.144098234566612,4.059568390407266,6.246590608832861,5.239656441410081,2.75829836269455,5.1706312237117595,0.47483386850923504,-1.4371856913513728,0.6492618077296203,-0.35631102374973544,-1.1758848289331787,-1.6872817682145813,-1.4359873582592135,-0.20159093218894095,-0.5517230736962088,-0.5193888590841578,1009.9444966541645,0.1657068065009614,2.945430828258395,0.001177878468297422,-7.759697733497973e-07,0.06820687651634216,0.21512287855148315,0.5909339189529419,0.19394312798976898,1725.3781972834659,2967.811744122784,0.6323655724944983
-365.54781505200344,92.98037242273716,-12.181409489381329,75.49800688686358,27.996765588729293,2.5570334113578497,-21.157759046868254,-28.473342343641967,-5.49789947674832,-31.740881885862212,-21.20367673109119,-9.859673645653135,-10.981567127610464,-11.180635126078222,-2.898476476330867,-18.661064413232424,1.0419876456477715,2.7521544213168205,4.599989766763328,1.6115454855176663,-0.6382931808958455,2.8471880543011405,1.423932730796588,-2.817945573822745,1.850076570201244,0.40525086593342685,-0.9076305513223698,-1.424574286519458,-0.5282156173528155,-0.05488371312013515,-1.2824709302896897,-0.6364932392542526,1122.0295993474795,0.24657862920726534,1.1939487308263779,0.0031041528563946486,-5.594374761566631e-07,0.03023693896830082,0.1853097379207611,0.5161796808242798,0.2985105812549591,1077.2452768552898,4073.03353173846,0.7908374833887052
-380.81109755614295,26.27474711705622,45.64448427547269,66.25999710119787,2.3092548717414916,33.34387537090718,-27.050248828201475,-39.568211289801674,5.759397454986199,-24.337600938419257,-29.95358683026037,-19.78085167095644,1.719902722397656,-0.027232346385757555,-15.327754288985501,-18.722159084761117,5.494973837484258,1.328541042894677,-0.35275517693777814,-3.170865096740257,-3.5652099450198644,-1.0716227412916126,1.5275820891669425,-3.825547354404459,2.7253688615515377,0.5963121272729297,1.4496615758301197,-0.7732758560560781,0.4211252167536748,0.3984549269600868,-1.6514967354299945,-0.23503580668521046,2291.1306694327022,0.24493924300088418,0.8553194189444184,0.022738350555300713,-2.7016308461151665e-07,0.024641787633299828,0.18480831384658813,0.5147775411605835,0.300414115190506,2385.1281362434675,4729.264441881533,0.6647460608826751
-357.7068111760059,-2.5749522349082152,42.62279031243568,77.75913436879642,-12.322683255005154,35.663645605519555,5.337255846415173,-32.57838608159935,-15.402451849194227,-22.288517581971174,-10.8664651368152,-6.507254635659756,-10.578680766497,-6.732881206090804,-11.79193925305723,-7.8452963588517655,8.19279995767576,5.908202820285553,-3.2507553577276855,-6.299066652183712,-2.836987575108848,-3.1115935771735743,2.8072925253014915,-4.976549218582714,3.942020311347461,1.814363839813309,2.617041310612924,-0.4862507283425821,1.2403245069169582,0.6092911487342046,-1.6911701394881085,-0.6804493858833369,3025.9095618263627,0.24017193655196117,0.8521082019433379,0.052963804453611374,-3.3254762755835175e-07,0.013264847919344902,0.19905799627304077,0.557596743106842,0.24334503710269928,4089.885742847495,5158.668944652505,0.5577810932582546
-347.20493458074844,42.81982001136353,21.92787247086583,72.08731875423015,-15.691492761328334,17.70652337288991,-8.245190891542748,-35.08123942816687,-3.5004189942515516,-18.992007872592904,-27.980993073925926,-28.958338918000923,-0.3243876854410118,1.2014539570961669,-0.8726957631383025,-7.481205803552658,8.351022043800437,12.368921573650251,-7.870422551195131,-8.617584027540882,0.21742661456401574,-5.817459002250869,2.9166364798080715,-4.191466048779391,2.0913498530183707,1.7622894999482586,2.5807348755197035,-2.1939120899969144,0.33423606037923104,0.7197183625688791,-1.6132288584804788,-0.7129094251121222,2228.6649271942833,0.1865337236324126,2.963132449425757,0.028206201270222664,-7.502170991999187e-07,0.036520469933748245,0.1847366839647293,0.5394672155380249,0.27579596638679504,4041.4395291063593,6547.386642768641,0.618329788070293
-317.9335230013211,138.64219803870088,-32.30846749518199,48.741997172490514,8.447191896923421,-20.14050173842815,-12.83252190787191,-49.06828516826535,10.643146465332059,-16.115237373393576,-15.944981879628589,-22.951929079699077,9.008956345344894,-11.1123963706386,-14.993711089939907,-6.945668361138484,8.724626868299575,18.55134471300103,-12.93986588929075,-8.041531002370533,2.8711696928079156,-8.568416684464275,3.1474691243756032,-3.681966795501578,1.4132414720615027,1.6383659884194868,2.5221882022359337,-2.9034497949930813,-0.12197526375437974,0.8133928763208172,-2.0294446986555066,0.21231492857491804,1039.4309163020505,0.15840482316980245,4.869197561405599,0.0021224129013717175,-7.578768340345855e-07,0.03480986878275871,0.1272161304950714,0.5381234884262085,0.33466029167175293,6492.918793668872,5009.600737581128,0.4355220370607556
-292.6497727788066,152.81177682184494,-56.03850010305234,28.838033895916077,8.124404223628087,-25.16525334459596,-2.6840991432467445,-58.81018894061997,20.43937729581132,-22.577772957063715,-4.917113326785035,-24.330412287879042,-4.829831836636778,-2.893688871236453,-14.241824999467845,-19.24035232110228,8.78085275513856,20.59187545601353,-15.332693909883428,-7.035827214551669,4.038622242932138,-9.978602738102044,2.822351681057959,-3.129450198197353,2.034199945451744,0.45625409055124777,2.560677976379873,-1.47110959386465,-0.8034622898854018,0.2746435644090819,-1.5311293064125946,-0.396996126978442,1126.848574244165,0.1531585630946142,4.699353586882353,0.002381124533712864,-7.525303446376472e-07,0.036723557859659195,0.11267793923616409,0.5277855396270752,0.3595365583896637,6748.323024797646,4558.136936139854,0.40314448128659947
-293.705999949123,159.29590316639343,-62.478021473522645,26.887892462448562,11.648704147404999,-26.088817366749964,10.068489410898149,-61.019375128300126,18.397129339398376,-14.076938918821437,-5.069638047905382,-20.71868574224658,-5.41692850302882,-0.3045864597138581,-10.756519862335033,-16.170982158126584,5.633487870227951,16.347317935022925,-11.28282148539859,-6.527215082200975,3.3325090953686276,-8.080315549760325,1.1263466604875894,-2.6475238666398826,2.7996294199741563,-0.7860200562504802,1.5479079107853009,-0.673995955129558,-0.6482770022260566,0.604895214512305,-2.0043353629145884,-1.2528579631946497,1113.6706325812536,0.15344455755351005,4.199518672190607,0.002192877931520343,-7.656672985395753e-07,0.0276656337082386,0.1132921576499939,0.5413982272148132,0.34530961513519287,6557.065557210592,4145.182489664408,0.3873188578239672
-332.0851798696403,165.3282842762716,-57.034722367461555,19.42304977399526,36.17953552563919,-34.152106600196106,0.6419905924219843,-49.064593849092404,-11.239926880927204,-15.101711392886601,-7.890923180329232,-40.91522366382341,-7.9527562838237005,1.611837508444816,-25.415733544426928,-14.61901215554344,0.6455089439048733,8.334969489989453,-4.357125144401137,-5.251448419047799,2.3300200874751855,-4.478785165953034,1.0583252219220851,-1.1983321782996204,0.7555234115260151,-1.7351587177662566,1.2105658049741073,0.9021379394852059,-1.638770283022055,0.6829255351255575,-2.5862844845595148,-1.0407056780727875,1004.5815159895635,0.2061647313494012,3.7677018558606505,0.0016340604051947594,-8.092505544029547e-07,0.01302435901015997,0.11993832141160965,0.4963831901550293,0.3836785554885864,5244.7088360072985,4027.0743671177015,0.4343365541334486
-316.8620463563138,158.52697334506985,-57.22799381008315,26.25069451446004,27.72193254298056,-33.753054711772535,1.529208533982705,-56.42782545523391,5.565476189297239,-17.301657279176577,-8.58223491624069,-31.611907680136174,-7.01121692319529,-2.399406038494215,-22.9495899008611,-11.451071152497097,-10.552397622688082,1.710393118528256,4.595287403580016,-2.342152312294634,2.7887097918091497,-1.2374832772072404,0.9276180543061375,2.920675247702415,-2.4345799828385735,-2.4414054051429557,0.8734725456455708,-0.25330683243759283,-1.380054935878213,1.6351167089603373,-1.9162867067433693,-1.6429334989047806,1047.6999173396507,0.1584562685273808,3.8116523008793592,0.0019212072947993875,-7.316986069117155e-07,0.07385341078042984,0.15026342868804932,0.45295149087905884,0.39678525924682617,3026.3074876016562,5510.560676460844,0.6455014380634987
-293.3486379624373,147.9087763578983,-62.43415036714066,31.149579441303093,6.119234461130095,-36.856246569030915,7.972218300317372,-58.64343503206457,22.477708832715,-23.688657660742678,-6.020460754722322,-17.59887425702075,-5.586973997074876,-2.0648295093524824,-18.714234815578415,-16.09753826896133,-16.56869864465167,-1.0561641730330422,10.285923678372757,-0.09251009478052627,2.6933451088636455,0.794522275746138,-0.3458421959629425,4.744386311773826,-3.769412576270752,-1.9069565202789567,0.1575238115600329,-0.5610777049234068,-0.43509449190255,1.9516684509313809,-0.46018690414357,-1.023164939833073,1203.7493305352805,0.16890442935761954,3.6776085821911693,0.0028261891566216946,-7.348536059113853e-07,0.051649682223796844,0.16728901863098145,0.48599737882614136,0.3467136323451996,2177.903647691086,5306.434731215164,0.7090051869074683
-304.27360213611524,150.74658501374336,-50.6391961164854,24.15360997997258,4.655754610149086,-35.566020383872456,2.0570112049894234,-53.37622600767192,17.567054762395244,-31.83213652276882,-7.0561667327462985,-16.660600314133614,-7.565078320095622,-0.6926171495622566,-21.704398865745596,-19.078550103425407,-7.5543785557567995,-2.3394012711211447,8.915491108147668,-0.5849139751511535,-0.7266252394283526,2.815111096688813,-2.0673220624670625,3.741650680848954,-2.4596003402411966,-0.3669366865508342,0.7589366193194915,0.5108577821251846,-0.20353714570556908,2.0798317751088025,0.42055894693965057,-0.9104882068785715,1133.838153872421,0.17755108600114783,3.438632309436798,0.0029133600182831287,-7.902461272648212e-07,0.17314434051513672,0.09537682682275772,0.6561076045036316,0.2485155165195465,2489.7339924715657,5876.876359090935,0.7024202289991195
-341.6287968774667,161.40980481722767,-27.79564001298937,10.760409577205252,19.0866642982353,-30.144559183849232,-6.730800899910679,-51.0565308456505,4.8282484749147265,-31.870092335127048,-15.059294428423573,-20.787229930853684,-11.698272746430778,3.7397777819253726,-29.349474781989947,-16.743514445407122,1.4457332730688637,-1.5228755755143513,4.7331460261846665,-1.009821042344696,-3.9189825338186215,3.682033787030023,-0.8237489559692291,1.9546142203643497,-0.6180346000027257,1.6013348096230842,1.6373195385413766,1.7753759158385807,-0.801635403275652,1.8050261648295678,1.7869294489564305,-1.0994266457864454,909.0737143634368,0.14994601685029418,2.2261075768619776,0.0018032907973974943,-8.630803939895508e-07,0.04403045400977135,0.1202528178691864,0.45175042748451233,0.4279967248439789,4195.596612925747,5818.932683949253,0.5810490449875694
-443.88555365095186,166.47910987600605,10.86914281237216,25.60343955151517,53.06769375286048,-29.55363501632685,6.289957400198613,-12.50026428852729,-22.18157830148308,-34.74274354805269,5.289390867302602,-37.26704839978914,-6.0579076736366,9.552436373268609,-28.60870953470571,-31.63888375047767,6.032338345713093,0.33607136713356295,1.0163529293424127,-1.4814138515590627,-4.240071635561194,3.980189729119399,-0.6888204542909413,0.9774186151107311,-1.3310669733755447,3.0712039175876216,2.344304916556677,1.2226874908607122,-1.1864206488218467,1.6636229960291817,1.9368747298977842,-1.036720116991009,668.2795671509515,0.17067842156667098,1.7872495790943503,0.0003741844557225704,-8.835482404628364e-07,0.04062192142009735,0.12902729213237762,0.4688777029514313,0.40209493041038513,3739.889420979417,7376.693586833083,0.6635756312572756
-426.9208897233464,135.48624600649345,26.97324125748233,33.2693133894251,31.773318749400964,-12.199338261369686,-1.483387996251576,-23.800658757453675,-16.702262938784322,-23.665957007306332,-7.120859261616959,-34.137129576558735,-8.864291256690569,17.497903409024136,-6.099913447340749,-20.017779341671137,6.017436359692496,1.862907400788669,-0.814505764850118,-0.2199895951549572,-3.8330330509626034,5.24921700359795,-1.8260232600495165,0.35857732527886244,-1.2267349518726562,3.147684132116568,2.7508410317298755,-0.7832369706718392,-0.8283969039746768,1.7913810049684493,2.018032136614748,-0.42478813319759184,783.8499727725624,0.1646248376550579,3.5424988381564617,0.001442361157387495,-7.529716504985901e-07,0.04808015003800392,0.11004408448934555,0.38169506192207336,0.5082610249519348,2780.78826188624,7940.76837873876,0.7406357719223747
-260.31310251911896,139.23508742160945,-34.459823469781085,13.150405071105776,-11.860749926057885,-4.104358864555866,-18.051927217653553,-47.70307286425171,3.885768614013516,-2.391903203234999,1.0607588295064483,-14.514730297532605,-6.735164396402574,11.551267712782803,-13.446630922529723,-15.523829528607642,-4.829363470792637,1.2460347141559542,0.5605311848185102,0.5586317695387448,-3.9119018046048617,5.009838765866056,-1.9078093183585085,1.2296093813999862,0.012492936098209062,3.6187247506821802,2.436704259848291,-0.43816086467489235,-0.9171455635739584,1.935063142306646,2.994163020289429,0.8330781424669145,1186.4668239104503,0.1519837994457018,6.631348038092256,0.0070690675638616085,-7.282428519567388e-07,0.03133155405521393,0.09539105743169785,0.3733331859111786,0.5312756299972534,2491.235009951472,7310.3460447360285,0.7458333511653138
-251.12177489233972,159.2321990462884,-63.194440274444034,12.678626854393869,-17.848217559674573,-14.989672175875295,6.6411746660929225,-53.92932355395543,10.276478952213962,-1.5477033758937366,6.900434441916147,-13.686728282014503,-18.922460759859923,5.8815948275345304,-10.320094060707817,-22.955639112139238,-17.80595312645494,-1.6464025399335744,1.2248258612240295,-0.014877882820670485,-3.957740746769753,4.322534440697239,-1.930510328586116,1.2819488178446168,1.2995887699298216,3.275759347950161,1.2584040115809876,1.1002323353324626,-0.31060533898217135,0.7812659470157804,3.208829087725548,1.379529714342655,1222.009096680328,0.14793487858698598,5.6666812710464,0.004117764066904783,-7.380669121232863e-07,0.09049605578184128,0.08258948475122452,0.34452810883522034,0.5728824138641357,1837.7907863431026,4866.167709750647,0.7258648323354114
-258.70434507021884,167.31211533453123,-63.194389080439514,17.757077682634463,-12.816964319521759,-10.667275560126473,0.937800430693641,-54.952674430914115,6.973664926655481,-4.6104647207210645,10.848595861802576,-13.941164895354426,-15.929363917715778,7.033646811331022,-10.133348823817533,-22.817091338321678,-21.80764520388502,-8.564230820947332,-0.5281156508128729,0.8535880089471857,-5.592300590307741,3.6949374043204033,-1.9722093025291738,0.6214255094599508,1.2246858988795406,2.406145630042734,-0.031177049948429333,1.5647960291241714,0.8462112583149122,-1.4960685882109934,2.799042247429597,2.55288944155968,1141.6400430619738,0.13784474395731278,3.582671451382339,0.0028446854557842016,-7.800570978216689e-07,0.05869876593351364,0.08433644473552704,0.4319603145122528,0.48370304703712463,648.9069046869336,2372.5586714849414,0.7852343876414163
-328.41065914199396,171.3280481282062,-36.20370041566119,34.801284718490365,-3.5721702573712744,9.26818732519911,-19.179239148242296,-41.845340337366416,2.7807749639062167,-20.138554096351072,11.89087634959332,-40.62533573116646,-7.958305171073841,17.440571236821164,-10.427250311488322,-20.588155562854453,-25.611362581211065,-15.696299123951771,2.0205206478054527,0.3847594197377238,-3.6720715903120626,2.644424085098133,-0.0009022359513441436,2.2134123202749567,-1.7709441940090298,0.23252471345022935,0.06696281010682945,0.73398286345876,1.6079456505145837,-3.007609437589322,2.6685441284792724,2.52986363721216,950.6339347356213,0.17170452227422373,0.8186172991991043,0.0018858015537261963,-8.23474596692008e-07,0.042639777064323425,0.11075655370950699,0.5366816520690918,0.35256171226501465,91.74585857608687,694.8417268731318,0.8833621833432688
-523.1680404977276,155.64543225363744,23.648503287183573,23.573282735288075,8.319066571241123,1.2764049728583222,-16.578862064973123,-13.082106897566327,-2.0322531496940948,-6.9456217631370745,2.9968431583321227,-25.129976009875833,-16.67696695739077,22.22120682020678,0.8337428836172905,-7.375328391797166,-28.010557057230763,-25.419172585808344,4.764035437620987,1.8975292376892299,-2.0574498043761156,1.9411774821164733,1.3217322126730469,2.793978003505635,-3.8356863161617785,-0.3497121432876561,-0.6560013091552437,0.9229224988873996,2.660488092495636,-3.3158019332985282,3.0383176069011815,2.263688179744691,781.5845115122405,0.18187429661706542,0.01889241300523281,0.0029398982878774405,-8.20044398610713e-07,0.28191569447517395,0.05633106455206871,0.26020392775535583,0.6834651231765747,8.403000132739379,221.81709264069812,0.9635001444421757
-598.9135332921102,119.89886689591368,19.76433978849889,10.142205129650712,11.193821584655623,2.4778938153287084,-14.436347565915039,-20.556175439580002,-1.3034068694854568,-4.790604530667466,-6.416650536660083,-10.28583746654241,-6.547501530827781,7.11526046342288,-1.9635298724532526,-12.139731686257512,-18.3795994729394,-29.943817813370714,4.368586029241199,2.2785076254723484,-2.630064428678408,1.5387702966909504,-0.09935453503150857,1.3850619878222132,-3.207872808538698,0.8402259782397313,-1.2512914041305891,0.3492978897006042,3.639193845884061,-3.218911225213584,2.61684911062903,1.8885611920313135,1144.8814443962572,0.20908029853253612,0.015876101329922676,0.00992556568235159,-7.557633668445889e-07,0.0,1.0,0.0,0.0,6.236257962602622,269.5499053674755,0.9773873428336625
-491.25605898093636,38.47704720823744,-27.447764191261406,45.01048758243847,-29.041112302421954,6.107655196979692,-7.859891583247797,-25.943722922523243,-10.527494991333382,-5.882501494825469,2.077925933026375,-19.641302326979215,7.1275312899875685,-13.326323896728999,3.1612386551942295,-3.9201993243691318,-4.970806644372433,-26.073370081177156,4.165334033712542,5.177755094125085,-1.3645795790366768,1.4441184764806294,2.083199648881038,-0.25729381186370137,-2.2783379540523354,0.7203214997739131,-2.372824091797204,1.0777121933458207,3.15580924532437,-3.9718255560293554,2.489237703677753,1.5974034089690774,2695.0430162449875,0.23214753808901442,0.07568072527647018,0.16368098556995392,-2.620767597200965e-07,0.0,1.0,0.0,0.0,1.637756679373581,818.8373409768765,0.998003892276497
-397.87230803838673,-1.8063738473432729,-11.168106607702903,14.959802401199612,-30.22751061786274,8.088309340102425,5.776978478594621,-34.07320235015035,-24.415055714972482,-15.354897748869174,1.7421882275012683,-18.185700231698075,-1.142707118361749,-13.371767267844948,14.552291275569372,-0.04094188623962125,13.400748889119136,-15.657391015883945,0.6987268923900418,7.537798459360706,-0.3788191872584629,-1.2400326982586416,5.125125539230414,-1.5639650555592144,-2.4925148985795658,-0.8356668522781554,-2.479606898282091,2.398476108835931,1.7361923990961527,-4.65275437001555,1.9116262506564192,0.0911270225609234,3429.2949705025726,0.2186393056621034,0.19368661101907492,0.24368421733379364,-1.1339270909996683e-07,0.0,1.0,0.0,0.0,0.930231640173588,2691.1254324223264,0.9996544530439724
-386.5069830251571,-43.998742324071756,-33.88436465115122,32.440526923647816,-29.017451167115112,1.0149252291224546,5.635326224454785,-40.51226069316305,-17.859249710680952,-0.4831585771869614,4.051640538940409,-2.0314697023025543,7.956193245995139,-10.984426667780916,4.7106203295154465,-10.315081727987511,24.75279432827516,-0.6060597262617189,-1.9030435539949897,6.940864013046725,4.647223885370167,-2.568671573975309,4.90820611415786,-2.16698039203763,-0.8724346581944231,-4.13289507469871,-2.682656442727428,2.3710351776658185,0.7181989122332765,-2.8537255894515345,1.2411863359208757,-2.113455091115057,3535.026961879339,0.2181232920011039,0.13479290530085564,0.12283582985401154,-1.3721547176040952e-07,0.0,1.0,0.0,0.0,1.3168567452769508,4346.042029973473,0.9996970903991157
-404.21095945122835,-15.582617661195178,-19.391898192160177,40.40509425257685,-22.481103955494152,-1.2876418809297414,-13.03013913855036,-44.65436902730434,-3.495201398014986,5.302598449232802,-1.467146760523593,-29.971517501752697,8.392355467417154,-4.595466509768253,4.728020997304801,-15.141117544584597,19.416347641258227,14.273448448433262,0.4696008608031478,4.378309019854126,10.692294622196355,-3.3158997674551256,3.3274242466302515,0.2805761259409513,0.03385506810851632,-6.668059406866245,-1.950188724843406,2.370603902165863,-1.9858049741627097,0.2172304948090217,0.7164349415933464,-3.6431465588787533,3410.9165823077396,0.24843220400299051,0.4239033833146095,0.14633682370185852,-2.793320418871032e-07,0.02184372767806053,0.1297442466020584,0.7379956841468811,0.13226017355918884,3318.0406690753025,3114.2752488934475,0.4841608043836409
-395.00705455359565,46.64296093359388,23.176315325840694,85.58252553187876,9.919634188327976,17.639509482354107,11.413544500798873,-39.610976465975234,-8.803011620823451,-13.476664921724907,-17.292356563912275,-15.340133129725167,5.477000578472043,-14.292134542356415,9.771369239799178,-4.496139499397216,5.278359243105818,26.776420885705953,2.9927901202163993,0.5251113004004508,15.519042666867907,-3.857677781472649,1.3107861851025948,2.39276174822732,0.5787861804897731,-7.822969119427373,-1.8515525323480984,3.016678681261801,-3.587372180583828,2.239613774058114,-0.1793477832767041,-5.109392031647174,2125.095756734663,0.23136716675445917,2.29897406604141,0.0260920450091362,-6.845430179434445e-07,0.007704382762312889,0.14142417907714844,0.7351484298706055,0.12342739850282669,5101.626444348322,3886.4975790891776,0.4324036438476725
-347.0587211726917,106.57872604161153,-4.181386953501404,89.37237511469252,6.376663707184823,-18.448681190708815,32.626430350276905,-29.716932757925818,-26.600043717338583,-34.17171173094229,-13.054507872501498,-6.550194397304515,-6.207988824653031,-19.69584911213111,7.810802827762208,-18.281228363672426,1.1447017464298115,28.52998593993473,1.000499802056774,3.8819390172430195,11.881554961351409,-4.605825940791636,1.27080175766881,3.058842924587575,0.31548119652106454,-7.171912328532897,-1.9144677485235184,2.30145218715686,-3.0744095145497576,1.7333658296556549,-1.144997297936,-4.576248533179756,1264.223065523826,0.1887747892436017,3.072562967427075,0.0034153542947024107,-7.871857200238618e-07,0.04383072629570961,0.15497875213623047,0.6921186447143555,0.15290270745754242,3628.1081680236366,7996.167222601363,0.6878852189832226
-387.3070740236241,155.90574609122302,-10.193946828677785,41.616273504643104,60.223318348929595,-24.98067671967232,16.81220757251371,-29.237326348356913,-2.238500651214933,-48.27050981948735,-21.777135485222686,8.429689072069653,-7.7171180942096544,-2.187514706606195,11.271790674532493,-30.408018248361536,1.4409150616614477,22.273804403813614,2.3913435671327115,4.490615896632482,6.846508676521838,-3.1853552051085936,1.1395215718839082,2.718267447757508,-0.7966011856490036,-6.46565310778941,-2.1097901466453974,1.3097293514272,-2.5852119877532393,0.914508604008724,-0.7929014279433735,-2.928850688890794,848.1389231394741,0.1933062556387213,3.541222121566534,0.000887518166564405,-8.444471460558103e-07,0.05752294510602951,0.14175184071063995,0.729381799697876,0.12886635959148407,4961.186818338643,5636.917673848857,0.5318797977510193
-408.9118329419589,169.07609370127955,-3.8905401427403437,27.870714977004923,76.5935594277027,-14.83200455691145,2.1016612617904262,-16.280786833999706,-8.183892124227874,-60.36370581299364,-5.04383801990981,1.7293904563177478,-22.04865008509409,6.008578883753058,4.805637233275892,-39.255658194875664,0.5621247333419901,8.982799726941517,3.542012810039427,2.5149365339822203,1.52141534953832,-0.7538485432692084,-1.226339614128442,3.361974460194869,-1.2397138023181618,-3.563437966337923,-0.5406955324499008,0.3521224187670861,-0.9696650204464553,0.4289580565817583,-1.7743914513187355,-1.5010178522625726,716.2241963058326,0.14359577437249563,4.549211527220905,0.00036793341860175133,-8.80884852596549e-07,0.043424442410469055,0.14793117344379425,0.7712673544883728,0.08080138266086578,5010.767325404836,4135.035408970164,0.4521238352789315
-417.6890407270707,181.46892969901037,-3.6619239576387623,26.374279150564686,71.79389849273039,-17.27921530050746,-2.4441939403420148,-12.768434575974144,-16.05323892694736,-55.708179071948706,-4.7946140765607606,-0.41335028736222995,-19.516852450600634,5.109262770447549,3.7297318076409036,-40.31854660264071,-4.806802874656036,-5.268049277884209,5.357972901156984,-0.8934291692134446,-3.9709373398948205,2.4946842570738563,-4.3336840947348865,3.2318368432175957,0.2825208392652139,0.590498062333035,1.0473619675068195,-2.0108251670113857,0.5546276205813632,0.18402707079315817,-3.279363111609967,-0.7934980457640078,631.1765118534369,0.19245758420817122,5.967547260224819,0.00021165581711102277,-8.578641837614174e-07,0.0455450601875782,0.1567506492137909,0.7356210350990295,0.10762833058834076,3411.6878408479515,3645.8038583707985,0.5165863473526128
-356.889796952632,137.39760926372128,-18.235553583065943,94.99732613425212,10.274048825775381,-29.851246486052194,21.98307899912526,-25.778631695285327,-20.334128234252397,-39.98320395023745,-17.43059667870491,-6.670416515034359,-8.135033119735223,-7.7697245573796945,-2.3009152787335925,-27.646831215559438,-6.044659080950102,-17.81270643500036,8.883946203270087,0.7263203290590472,-7.383713614562411,7.3567627576154075,-4.832514141366309,2.920251305826734,1.3006651831922582,3.3965021688712467,1.0685929304486388,-3.8667693433724972,0.928046308224376,-1.49959822144345,-2.880952553980066,2.080979893549871,938.4061044183605,0.18286016280788375,3.4300045240670443,0.0008082740823738277,-7.509633309747198e-07,0.07009988278150558,0.14781656861305237,0.7325432896614075,0.11964025348424911,2081.155587050188,2536.883963731062,0.5493421907358694
-373.57985794512837,92.33582724181974,14.464938338068233,103.83512968695752,0.6224583124295964,-8.787506160683154,11.028297692148751,-30.675359401796783,-18.157996613453665,-35.83984779880065,-23.874162928928246,-9.394642805520352,-1.9693533002925523,-11.012909727314506,1.8609112320943622,-21.71374579869572,-0.8002441097419793,-23.840458929545072,9.76807842460372,4.269399413281621,-11.44374024286826,8.322154866682435,-3.0395077890638107,2.0862043916502486,0.02990328017064417,3.5643952798232332,0.7358607549654339,-4.141575175676115,1.0701141384335007,-2.3094718749259355,-2.3908450340984397,4.502266735485877,1161.2648760854427,0.2510318281395694,1.1979540577158332,0.0025031587574630976,-6.758614037477205e-07,0.04388296231627464,0.19896554946899414,0.6397453546524048,0.1612890511751175,614.7442116681615,1442.3803000505886,0.7011633432171124
-399.3384563416172,63.08949099875646,45.66590429628309,65.43771222474088,2.4716705992589545,11.00080899519056,-21.00052219019964,-7.01283839693109,-14.753942860924735,-26.6114204652663,-6.6988109225739,-26.877928064677125,3.3456013064326156,-8.40777091896246,-9.013633496726815,-17.582747089536,1.781945189338748,-19.896038979338805,7.798139648041024,3.922404175012785,-10.725401689482215,6.798220981383446,-1.3057893850155757,1.1933402820625134,-0.2638088470126418,1.984126177565982,-0.45017197885741167,-2.85740325852081,1.838566250117868,-2.8792672484441226,-1.0490966365449887,4.845873058649369,1620.4885191997164,0.26878342148257733,0.3745389059185982,0.009628231637179852,-5.969707749421371e-07,0.013087289407849312,0.2338903248310089,0.652589738368988,0.11352002620697021,697.5297117900194,1678.1162843037305,0.7063831425486119
-447.7684133333217,39.9437285815633,57.41725118256546,42.2410042806718,-0.335373410418069,28.630880901828007,-15.449902009018217,-5.068016846416016,-2.452467665530132,-21.599868912018785,-2.203496377204127,-19.244592702733456,0.27893565057998204,-12.140513754698187,-20.318672341762117,-24.171814111121623,2.8930290536155443,-11.929537255311834,5.347081429112588,1.8853121572638558,-7.80762940397702,4.872284378261901,-0.11370482215829059,0.1450141561247233,-0.10597310623103107,-0.04155990730900485,0.38382672374970866,-1.2783119741888112,1.2639073619906154,-2.3452046253640666,-0.5737749220942836,3.65280912735375,2280.1304155223384,0.28545604338541936,0.2171689886599779,0.020370492711663246,-2.602599247929132e-07,1.0,0.0,0.0,0.0,0.0,3896.734619140625,1.0
-408.1965869003265,1.6362196144101908,49.05946979367896,61.64992071059051,-4.106217232443473,36.654757896389945,-7.481730766196403,-4.197388309059138,-3.1183759187433084,-25.070385370625726,-6.108469582361924,-27.247040826752656,-15.368334993220003,-23.486355121915587,-4.333797710829827,-7.231338817010387,2.3378463413273955,-2.865343502049703,3.7769050806929725,-1.5015880683919223,-3.84845647959241,2.895591767872843,0.21408702549400557,0.27260808667568903,-0.9635551322841377,-1.8564356557671167,0.8638924144171471,0.7131932479845969,0.3918077901457693,-0.8159181422364404,0.12221289655101542,1.3781683179078337,3087.1069542030455,0.26207938917957674,0.5991963371634483,0.05902494490146637,-1.9992671444484877e-07,0.016718506813049316,0.16674359142780304,0.7261041402816772,0.10715260356664658,2969.9595372782287,2012.3256189717713,0.4038961151084298
-374.1953190506063,13.218397838163776,50.09977004812413,79.77940131600246,-12.892722290781283,28.06851246910968,-4.344110910783993,-15.548466556676244,-13.784520576809228,-41.67167190512256,-13.919255777613166,-17.494116005672943,-9.443694993744984,-5.923992473275172,-4.033926999664992,2.5183559732622443,6.48726946874025,0.6781468055323085,1.4812118329461823,-0.2017088843044509,-2.8163792548133935,0.8524383654188925,1.826590938557656,-1.2685094065902132,-1.4334937539470256,-2.4997461790796933,0.801727584713903,1.8428972785751851,-0.10473617314353961,0.4123772742567551,0.24128449309010053,0.1301998473452353,2770.1827814914095,0.2563470809290734,1.4696848234161735,0.040687188506126404,-5.968581423981999e-07,0.01998930238187313,0.19322094321250916,0.6893133521080017,0.11746565997600555,2615.4322674312652,2875.5643145999848,0.5236871434249273
-370.6024125383304,77.80212739655224,28.37469417405605,78.7251700415206,-13.342909367075418,10.522915379778485,5.291713022340856,-13.488115949493727,-26.376821986756532,-52.14559753612487,-16.031666613084205,-15.570284502598923,1.029554273056436,-20.765272121002866,1.4532689000927248,-8.288468368230417,11.268325612615909,-2.9327795271489414,-0.1372072561616028,1.3932667997810126,-3.054338670867881,-0.0846486993649766,2.740200289612553,-3.0436019007899717,-0.5925790930573477,-1.2865644102510618,0.4685321863425733,2.484776061134072,-0.418999487198875,0.4034738907476721,0.18424467264335698,-0.4214188942775433,1327.6229156106033,0.20202413308798373,3.108939872123301,0.005090159364044666,-7.196505501636266e-07,0.005360752809792757,0.1837189495563507,0.7017161846160889,0.1145649179816246,2076.332610253195,3946.319245215555,0.6552461174776653
-361.48688004114746,102.14451481762427,22.92080443183162,79.83289064308629,-19.20576166275572,0.6829324338517639,12.675264655337498,-28.078417987975257,-18.2064449599023,-44.679129212667405,-5.211449680241196,-8.771114118925789,0.9839723563042205,-19.09695851357745,-5.915069988487658,-14.749084781941622,11.65434321048246,-10.131275573900385,-0.9112128268524784,-1.1304074863136298,-3.7772444303977837,-1.4479821642576511,0.9589459801593362,-2.9490028534787633,-0.3046418767979627,0.2280814403330697,0.26290616571841186,0.9971257372979836,0.1366736069049626,1.744312653412468,0.2328969223815994,-0.5986508561866422,1126.4838956516542,0.22553389992520753,2.6725021740421653,0.002793769584968686,-7.620432929065611e-07,0.02681572735309601,0.18414124846458435,0.6905903816223145,0.12526829540729523,1235.9537027696954,4736.058504261555,0.7930423348240105
-363.65313073302906,86.38595553807434,42.55109840172995,74.44685622405419,-21.53500618346378,6.859340002024875,8.036593778314973,-17.77946525166976,-26.106666167942308,-43.415238442638895,-10.873877703605578,-2.5316052655155623,-0.8842293322269335,-9.320839820564636,-3.9403734489659006,-23.51748409125627,7.780300338429296,-16.727382292009388,-1.9000608461141901,-5.697425422417689,-4.2352878176518605,-1.2842420120558755,-0.22041461272016305,-2.229662053172336,1.0416149690081742,1.8500233300050422,0.91988607135381,1.4175242444714844,0.6114487382491884,1.7427800018175288,-0.5237092711706418,-1.3742520638674542,1218.8902152922917,0.22239338786317442,1.6797001333907247,0.004438193514943123,-6.762298710026408e-07,0.0,1.0,0.0,0.0,41.420504643183676,5516.380276606817,0.9925473210945378
-355.5741203570519,34.89381085674994,61.43863753344847,70.987882908966,-11.873855762902426,27.61210592861549,-0.6066194851845572,-27.8001478787077,-17.45426027820647,-42.424743810267486,-4.732173163246839,-8.166854099206027,-4.820013587882215,-1.3444973080500968,-6.973334236742687,-19.75677761401198,3.4861575438618235,-24.33732133139408,-2.645654607284521,-7.454559181252874,-3.606340144685687,-0.5570356161351278,-0.9015096837329619,-0.6676295527456897,2.133659471660248,3.0227695886131167,1.09745502620318,1.8544882884094143,0.7162170201728519,0.8970433501893289,-0.9912306846608119,-1.4462227577641447,2360.789013728572,0.260269796883731,1.7786674797534943,0.025322705507278442,-9.593138800973759e-08,0.0,1.0,0.0,0.0,0.9416891849508922,5064.0348733150495,0.9998140782739405
-324.9081297205944,-41.721160821564844,50.64068279074442,58.36471516173262,-24.396893380892216,32.23926369062232,-3.0439859026726674,-25.69424230543183,0.20834142309507694,-20.366939582452897,2.4314319983755666,-12.453059352616961,-8.9641487407127,-14.242191033333356,-15.98539336956733,-14.75537505060747,1.6780511071074735,-27.745162608490407,-2.770582662012889,-7.38966660430222,-3.1063750027640733,-0.6194785074786244,-2.150285960576986,-0.16415949672531283,3.4152073422033573,3.9302671662198683,0.6840011728214965,1.477487368746167,-0.7155471391518928,1.1620339045939851,-0.3374218360884792,0.7619889481661046,3984.8700496375386,0.2135853108691802,1.9402268594130874,0.08243399113416672,1.0220944286488581e-07,1.0,0.0,0.0,0.0,0.0,4862.75927734375,1.0
-346.46752785898644,-92.49103324463476,33.34961423239854,33.214133805495614,-40.2374418148906,11.366866206974464,-6.948986856064227,-25.981741164758194,-7.749802927883296,-23.512285468951394,-10.547818611533891,-23.30649351136978,-4.307494736836601,1.9401973223300546,-5.2684075561814945,-12.56372905432986,-1.6402752815931256,-24.480701902527766,-5.04197283416523,-6.724873449978626,-3.04868939128077,-1.923727145842851,-1.8169429325516926,1.0051824602855208,2.9821657825364327,2.78730034569852,-0.6382354643062346,0.0479642757776057,-1.0283349707751885,0.3142560571911662,0.1704276737438055,2.3546532017103674,4498.880120094873,0.19426314332888725,2.62664951197803,0.08570493012666702,1.1278501697751394e-07,1.0,0.0,0.0,0.0,0.0,3953.77294921875,1.0
-336.6132565474939,-93.41812135435447,12.358721380011904,23.503969380629396,-43.43297932219429,12.326894883040374,-1.345972500401393,-23.783867499930547,-5.5008174956649185,-27.392500575114447,-4.190124821592713,-3.334571610328682,-3.6009061192322864,-10.942453286573176,-2.279679164108288,-12.048179455122002,-6.559339206548786,-13.617485255671479,-7.145239387032236,-2.704588357695075,-1.3023592896238463,-4.637425833013332,-0.7732944041468319,1.6034844415410516,2.492870297203918,2.502899975810575,-0.45099031829667635,0.29266886434416817,0.8985121036927367,-0.11246729396387904,0.3440180244957907,2.0400639782350662,4383.847882908716,0.1917412086190582,2.2709811152890325,0.07258438318967819,1.0255634459653578e-07,1.0,0.0,0.0,0.0,0.0,2902.667724609375,1.0
-364.59074922999554,-94.08168244852791,15.190129536852357,36.70682777725352,-33.18896011930286,6.673045790925634,-0.30622134877395535,-16.910740333201986,-9.243704783993078,-31.240447383588148,-6.996729688033026,10.894476869262935,9.438119001756188,-9.123696461019088,-13.414752457429131,-19.638407201999314,-10.088076992093926,8.411359208095254,-7.572817650595407,-1.203548495811392,3.2224834274631178,-5.601089416305718,-0.8988489027728498,0.9452951180458617,1.2496257427299717,1.6877539896917724,-1.6805209358142494,0.6052683862738886,0.9592670908123816,-0.4724656210011636,0.663939780241595,0.5326321506922667,4269.146717601931,0.20084947044307427,1.022748777642846,0.06804218143224716,6.802794316819309e-08,0.0,1.0,0.0,0.0,2.0030788470097747,1943.3630100201776,0.9989703332146721
-358.9003292573662,-69.45741430962897,14.732404751218688,35.13959882394191,-31.411252483763846,-1.9343147603037751,-10.949586901152232,-21.778667195810357,5.4001943406424076,-16.010084933727548,-6.320654093852555,-3.9707741871004703,-14.814054117569658,-10.82507701610263,0.7601243979025369,-0.7245567886832471,-13.600533965460432,27.81552027339408,-5.940720971875608,-0.5239550587483288,10.132566199381655,-5.1220345063437325,-0.2038316269525068,0.12983664702762387,-1.382915836267844,-1.086365276148194,-0.9597249494784315,0.9080022014842192,0.4910099726525907,0.40749795365844604,0.937388911629501,-1.6375344461468304,4181.873720391378,0.20357608039335232,0.6959753101691604,0.09106951206922531,4.075988152003326e-08,0.0,1.0,0.0,0.0,2.3736274314462804,2575.2086479591785,0.9990791264146605
-382.2210142285948,-70.77149954867828,0.8499765082178528,34.29594595462319,-42.112344143216475,-6.130111411304085,-0.9139462421105993,-15.923577099715182,0.217908379288955,-27.259247124047405,-15.412231884764314,-18.78256071087958,-12.463560566505866,-10.190274619262011,-7.089747708503443,2.740033661906416,-10.996387258189001,38.731914825059704,-5.105345998981283,-0.4404111352891227,14.8522677284054,-3.42875890504953,1.5179311223748881,-0.548506197891211,-2.5613945655781087,-2.7244870704396074,0.1976708756332774,0.2978491406790713,-0.44831274978084545,1.4119291952374204,0.32220330251892265,-2.9032556054704886,4027.9195538276936,0.20026956460171716,0.24375387281179428,0.09762997180223465,-4.8435774094805604e-08,0.0,1.0,0.0,0.0,1.5425997899567392,3436.7513455225435,0.9995513473209411
-420.5311433164655,-24.361551447921286,3.3080135588188426,72.13636825034106,-16.646470115047055,-19.135140158760155,-1.0402180937757555,-6.860164475498173,-4.190189197751334,-17.49224816584882,-6.1404176216787665,-2.9711775195143018,17.814661710912134,-3.316099809391962,-5.028965636131502,-15.035872468713833,-4.10992136050974,43.12129003322948,-4.801395817015605,-3.7241669120231617,12.873469522726394,-3.5243797995321398,2.3670841423792033,-1.4606923733516255,-2.6710053705412506,-1.7976107595568576,0.5617280636365238,-1.175380406430645,-1.4918591855518384,1.9257234136465227,0.4989570528339319,-2.6928546301611123,3430.144428777082,0.25143886030884666,0.49500094167888165,0.09683061391115189,-6.416087597488427e-07,0.04815547540783882,0.10370402038097382,0.6084058880805969,0.28789031505584717,1809.0621360615198,2772.8416725322304,0.6051723886764122
-411.7295036792852,131.19454833878643,-0.9977272822497691,39.156102219946874,28.582597654215782,-5.559641208958093,-16.20879559023909,-33.27666158902158,-2.1200847842850488,-20.23657561014268,-20.54626103073965,-8.302155435976848,-3.6337951499961467,-10.590158137845197,-5.08083914753737,-22.03970931477604,5.564526832150595,42.47541239263633,-7.1240878296757035,-7.454564363141978,8.47888242285895,-2.094194114863726,3.6931950354314385,-3.0859836276706347,-1.1097600274563912,-0.9721939887612937,1.5647863643464086,-0.8155616998848723,-2.4510236717254474,1.1706157275224083,0.2725265976545038,-1.9385654610840288,948.6277597253016,0.18969470892498805,1.5055068843066692,0.0043297396041452885,-8.7096269436427e-07,0.09178713709115982,0.0866594985127449,0.5068021416664124,0.4065384566783905,2279.8584020546296,3808.7031213828704,0.6255505683438574
-433.60314770314113,167.3916264136013,-4.599233483648284,22.33543399047098,64.81416141040755,-12.964566521126542,0.8424502636922222,-26.984144602407824,-27.778402168398564,-45.06462738830034,-1.3865884801707313,-2.8487175372699385,-7.336637864060881,-2.2784873323551063,-2.271843952827726,-36.312170256655804,13.169812053120227,36.40762651084662,-8.662288355328709,-8.344048552409815,4.386583289641754,-0.13273970463697451,3.9833187906956598,-3.661701407416176,0.2947465695439196,-0.1546697773768405,2.5827431421446656,0.04883530067718292,-2.006026124506968,0.8143639202448101,-0.571871648426267,-1.6974526443825093,713.2736650004821,0.203448755121859,2.1587876388803124,0.00047008023830130696,-8.497479065449371e-07,0.16401930153369904,0.06617119908332825,0.47726014256477356,0.4565686583518982,1938.5347383264834,5137.986746048517,0.7260610679121403
-399.69383762566633,168.96829719620982,-19.56208339692452,17.010538740831123,66.78424408280041,-10.679371466087325,19.65260782537733,-27.355791358436647,-30.62674702226027,-56.256891494348494,-2.955701179791349,-9.85472997025442,-9.851609056172112,15.477147321963187,-3.16091857329545,-33.13609005884082,17.43985350476715,27.85144142141591,-7.934251015864808,-8.062587089917212,1.4103111920006746,1.2008521949960436,2.704429038161056,-4.476805635128855,2.3007293569158773,0.9619958860621745,3.578783273286517,-0.19182340625923977,-2.8244002396350583,1.0903069737488857,-0.6987686906361107,0.2300078827176268,796.762846306183,0.16004321835186275,3.107985961250961,0.0006256873602978885,-8.343641584125165e-07,0.2896527945995331,0.05968066677451134,0.3708173632621765,0.569502055644989,1158.3377558225434,5261.920056677456,0.8195808035049147
-327.20622907282683,187.1977120770528,-23.470311109839095,-12.399274171996671,8.902717970680348,-22.1519808373571,17.11886150928308,-30.919455005653592,-12.354819829669282,-22.822725536586823,0.02149923142680632,-8.584502220791283,-17.45764733994545,-4.680558881340015,-1.4719417495759588,-18.328994286750643,13.598609539098002,14.26336870505989,-5.56636820170905,-5.042889569967363,-1.1910319958556983,1.5168193110696886,1.6898241792398518,-2.3143692494673878,1.570692085886128,1.2980159292125628,2.9074786835276627,-2.7071783449876348,-2.579307389528388,1.3805471054534095,-1.566212621835833,2.173539832573613,872.7423478797089,0.18811023462166562,2.9776690462604165,0.0021741127129644156,-7.829029860646007e-07,0.20770324766635895,0.009200883097946644,0.10666417330503464,0.8841349482536316,797.0780337951851,5051.725188861064,0.8637194647432179
-292.8890090909365,182.74996581318086,-50.83630929930186,-18.364545751058614,-11.054653611623902,-8.844629756257035,23.28642375176016,-45.59780172979092,8.74553637533125,-19.321959772099664,4.301728145340081,-2.373182969615709,-20.362692018767287,-9.265963239126751,-10.306498870432645,-12.256424687350073,6.815847844444962,0.8633315114272219,-2.7460598518445156,1.4037086603048667,-2.777959455414833,0.8465944949429922,1.0492617705157026,-0.11355328818127439,0.4526279391412412,1.8705546505942139,2.7537131409698077,-3.581502107200426,0.21683522330139676,1.6585962074994007,-2.1122567282252067,3.300251725013886,1052.7613525787576,0.16127709102053844,2.2222494650632143,0.003591280896216631,-7.547799315332086e-07,0.04026935249567032,0.0,0.11797817051410675,0.8820217847824097,1304.1888385965005,4210.32239187225,0.7634987428458568
-278.02352594903067,171.29281535483295,-58.406954860074485,-2.721548601996097,-11.23077668784184,0.8988313324371013,12.605026808446055,-43.89909212706469,14.634652762222261,-12.612779451920506,10.156424626449255,-12.350471998682746,-19.789489394005315,-5.137448576509998,-7.663879043882817,-10.518346597443912,-0.1968937755974261,-2.067344423996014,-0.10838146202255958,5.623588687516602,-1.97786639006744,1.2641400787805148,-1.4175766478968328,0.7568244611770311,-0.27336543291199666,2.9127906176215896,0.8779742985842713,-4.316066208479059,1.1970788372552332,1.2100087739809886,-2.5291132000302308,3.508593293947995,1170.4627766321814,0.14367846955429903,2.342940959148109,0.005630763713270426,-7.498416028499415e-07,0.10893779993057251,0.05556589737534523,0.5388391613960266,0.40559491515159607,3051.1273849140125,1817.9424393047375,0.3733654486247646
-313.5234016344167,169.53011651743452,-42.24050200051048,6.944578271237592,8.777040159241382,0.7965407479457269,5.601843171241523,-48.15206821677699,11.32151109855643,-22.50669375051092,13.27086901249816,-16.155981007692077,-15.731750028986928,7.468762000196807,-13.182238701596917,-6.585428806970903,-9.12531231889983,-2.9478708342703386,2.5361283096004255,8.19762999385179,2.025937670188405,1.2691066486780023,-2.923222420362162,1.8155782419832882,-2.508091969792284,1.6341583353082783,0.7150066975146644,-4.319669283773042,1.968709797745709,1.0508834237355476,-2.333294401068128,2.6452646923211423,1084.875828235393,0.1475591919881772,1.7501774178817868,0.004453005734831095,-7.975263566723841e-07,0.0602649487555027,0.049031756818294525,0.6514732241630554,0.29949483275413513,3129.9989666287343,1159.0181232150157,0.27022930870560813
-394.69759477438464,155.44129136913233,-14.533011264313895,42.023930081568594,37.824411541079066,-8.540371314632093,1.1594232697389277,-17.401171891525422,-21.760603136298833,-21.779077521136337,4.52305121421495,-34.80799303499567,-2.9472864671495738,11.463174931227602,-17.963692678312487,-12.14031353344214,-10.99393413347189,-2.882115290138637,2.887937441867088,7.720327319373299,3.8774480056073024,2.0599860205293785,-2.9607059674532854,1.5949662631526502,-2.785630623140951,-0.8423656741734606,0.6215279879049048,-3.089764322513806,1.2698967612732261,1.878712167193147,-1.4403350559779862,1.0475054329971838,791.4222535110791,0.17859913034471214,1.5964733641594648,0.0013883472420275211,-8.495375515115786e-07,0.03013669326901436,0.044884130358695984,0.621362566947937,0.333753377199173,3095.3659815719925,1301.3332371780075,0.29597959115065003
-394.05184448575204,156.8025868134891,-14.664921485066452,48.05890889849328,41.19249385139974,-7.679529339149131,7.446242215238575,-28.52414273537955,-27.565512179622477,-29.070003644687855,5.680189868117832,-33.96311245749723,-0.15024934823630187,8.100953361634463,-18.43715913907444,-5.89281853023966,-6.982441602954602,-0.9442211292571974,2.7327526703181197,4.667957395425951,1.6159672934597102,1.5897524318575664,-2.328716687726225,0.4867081047268924,-1.734050966626166,-0.47112777928253013,0.527880493718133,-1.42167661366243,0.4231582298801351,1.360002589616482,-0.3982221346010431,0.452078522686843,781.8479151297046,0.19077183196843456,1.4058741675689816,0.0011230128584429622,-8.549629722076979e-07,0.1171148493885994,0.05009431391954422,0.5451791882514954,0.40472668409347534,3204.39694694702,1562.3105725842302,0.3277546537484778
-401.8837682053893,164.68891551859846,-16.51542859534068,49.86410355261667,34.92120800503078,-5.468444322035667,1.134439017745542,-20.876089087362757,-30.115911821548373,-21.48857452434441,0.8130465044778562,-32.9509788824024,-5.069391020027274,9.14824153149156,-19.7865511067876,-8.627813840635813,-0.8987344412384847,1.1560685716970802,0.8965361007324177,0.6088986949192845,-2.4254987330386086,1.6867983060917007,-1.1567413078132116,-1.105522824112944,0.4493835301310546,0.0515701270635922,0.6375920591333107,0.5669284137098987,-0.30277301423008585,-0.0007402566505945289,0.20558954891623485,-0.18159236638334542,732.3487846023152,0.226276732333236,1.7815684201195836,0.0009717151406221092,-8.54216552049774e-07,0.1020604595541954,0.05547193065285683,0.6172545552253723,0.3272733688354492,2872.546442089984,1681.6488704100161,0.36925269010627576
-400.8154331559956,158.56840259726656,-15.790500444849826,48.87935835948077,39.2720708211216,-2.37817366919503,-1.425919958464355,-22.81595172349597,-27.672969323128058,-25.579533270308076,7.8948513198100265,-34.965566727622694,-3.9289263969045516,8.035184191057702,-17.784094028480315,-3.509316353165467,2.220718498577852,1.202358967445763,0.716311358975743,-3.5499351616051755,-5.571873466730607,2.9476774121665485,-0.9331234303007028,-1.3277185593692935,2.460368987070877,1.8898731723771793,1.2975096653420608,1.581763022067744,-0.6980205416746657,-0.9300665581161107,1.1711633111421995,-0.46746348191635384,763.4672471309387,0.16683351087987644,1.911908807232976,0.001124014612287283,-8.169591029823959e-07,0.09185812622308731,0.05013152211904526,0.49168121814727783,0.4581873118877411,2035.6637784493764,1658.5703524099986,0.4489618940378779
-329.10819118509767,168.5859874810126,-34.27526438389974,16.40129880157793,-1.8604610392451713,9.200622754297173,-3.483276085496813,-40.499831453285395,5.271638208491,-24.686305515776233,13.2189355162287,-15.734642935682002,-21.989944494420797,3.2233701595586477,-10.09370507988822,-10.295162990018206,1.6182345914303524,-6.393755536305978,5.102505910439144,-7.2113616281466735,-6.090654679697813,3.79881005145789,-1.3689156928495116,-0.2874712026856934,4.830734799985418,2.8217613531314942,0.6609015783394373,2.7412896358768037,-0.4197587769107093,-1.460960896869689,1.6482008342647438,-0.7086766242399917,1009.9896845557548,0.15915900441446396,1.973345567472279,0.003330420469865203,-7.658168620199865e-07,0.20235423743724823,0.04857643321156502,0.402688592672348,0.5487349629402161,1582.1596410735704,1307.1816675201796,0.4524151105417132
-313.86957508966464,173.78572070240563,-40.673183546734776,14.3852462157665,-8.364595393103798,9.594688615632673,3.942028234175237,-52.64595461190319,11.343100173391846,-15.869937902745223,13.538562407555828,-12.21966464998572,-17.735862923075416,5.158983807572555,-11.70081909188376,-8.05881570272101,-4.157256890203894,-18.312770815817853,8.36962916446314,-8.09014073132861,-4.685817851578362,4.334116548511472,-1.8356160384340265,2.9183098143376274,4.975782580718749,2.7595687985631523,-0.337108822542531,3.1786257088526972,0.6321342554826758,-2.1020531699166582,2.183620383637719,-1.4776757324791945,1080.5487943217638,0.1542911998085224,1.4138437639921904,0.0034995628520846367,-7.712334383914119e-07,0.025203967466950417,0.04701077938079834,0.3711073100566864,0.5818819403648376,996.6646454440263,1163.4413115872237,0.5386038160767834
-322.3487171032546,178.42833878967633,-35.981880889681236,13.437634138144954,-14.434488971430412,9.40635907109423,1.0381586150911999,-46.9892376645051,7.8699575215429896,-16.235798028065894,14.617927953225738,-16.08484454343951,-12.362001661087557,0.7201258966779436,-9.78936059428483,-13.65564273736203,-9.871434094779541,-27.781486225353184,10.350942746146163,-8.23494140903182,-4.676926379267034,3.89523696760938,-1.6997581985866943,3.869953026858821,3.852472872939824,1.4883570855775063,-2.0901725028810447,2.4121942783383314,1.8058697791832095,-2.4604220084802555,2.26647138117344,-1.1049912601528058,1005.6163481345114,0.1574470037081689,1.0902620842680335,0.003650578437373042,-7.971049099812274e-07,0.05406002700328827,0.05871338024735451,0.38657253980636597,0.5547141432762146,296.9670244861233,749.5479901623141,0.7162324282696647
-392.7593113622131,160.85938052865117,2.034910581125102,0.33780533385078637,-1.6329245740148182,19.247278394675085,-5.39752402594096,-28.909955747839142,-2.2970682727788083,-4.116655907769431,18.131697915714263,-21.647704935778908,-6.118076602635481,4.527253024381578,-7.536919627804862,-10.961048259190019,-17.07890162464296,-34.317920537453496,10.757199660961714,-5.450759416453032,-2.259272950672714,3.4997424815990006,-2.783442963092653,4.583731222596871,2.53169313026979,1.4042327846595974,-2.55843693145383,1.9218682664271551,2.580455981587269,-1.5478634217425216,2.8608770888524853,-0.29922893832687353,953.7382598648946,0.24507048303005877,0.13609676342457533,0.004345374647527933,-4.937430805779481e-07,0.2627179026603699,0.13915418088436127,0.23489686846733093,0.6259489059448242,14.979362875301664,219.37708243719834,0.9360829916355508
-432.8974658132337,45.818321876347454,65.43360026527111,-3.518903923985178,15.17067020645976,17.816056389096204,-11.035334288951816,-0.9098051617931469,3.002133887674006,-3.221455116882723,-3.2154246427012096,-17.04474682702306,2.330241772062034,-2.837855355599965,-7.935273788194045,-15.318001314577248,-22.784132567657288,-37.668925517926304,9.780022075863197,-2.8394340401346243,0.8227893075820187,3.0113264642279143,-3.280804575098679,5.7329744745393,0.06717349212023259,0.7582790416311054,-2.80319922529488,0.7969612871895077,3.9206507045011594,-1.3927547699206666,2.281471518205952,0.323756911950691,3439.2292695289752,0.31697705625519673,0.06401500385254622,0.13210050761699677,9.76487500631384e-08,1.0,0.0,0.0,0.0,0.0,155.6044921875,1.0
-438.86835405027915,-32.34210698494865,40.931692949879675,-8.244253785311201,9.31413410726712,29.00468324403971,-10.1052250226575,4.945145100484162,8.895161895804339,-14.220876775033757,-1.823260516837212,-4.784781360223809,2.469629284469006,-12.060494872738522,0.2290153048075957,-18.47432802212326,-20.011217431665404,-36.19117526550831,6.682856151738108,-1.1860715482998605,0.1377103080667802,1.9688081903126646,-3.682354663229026,5.053659726471584,-0.5480091258859632,0.4303624341109426,-2.414214767804925,1.0857747964476587,3.2269195916425435,-0.7663299110492973,2.9620493630335054,0.5509922707776155,4871.206439085169,0.25402796211890627,0.0674167899414897,0.21422921121120453,2.392835837994204e-07,1.0,0.0,0.0,0.0,0.0,155.67147827148438,1.0
-449.7985175741646,-44.235077829266565,35.6756116942542,-17.34534689100613,-22.962718476208547,22.702103245018847,-11.741537996153454,-9.376629164227705,4.789877130300839,-21.352956310328274,-16.182060958827027,-16.391591715757773,2.155199193339288,-9.497783844488037,-1.4195029010187508,-10.741946689812774,-15.87914317045609,-25.690950254143036,-0.25625589185446274,-1.0097108305011655,-1.837535777408339,0.830345859973987,-2.563085542028002,2.8775830481479105,-0.5971917613188941,0.45495174323054827,-1.3240337643160403,0.48282090511539155,1.3977369235630945,-0.2072165437510598,1.689233588482203,1.2274616590817444,4824.862446480256,0.23804100842375017,0.052874200977385044,0.21581457555294037,2.1456546679300015e-07,1.0,0.0,0.0,0.0,0.0,122.14817810058594,1.0
-476.3446360760377,-60.368188409816966,26.94802887391503,7.981835898194746,4.9690150940954165,28.184431543044703,-26.94186811743453,-17.717793083207887,13.104673486822401,-11.094169696151614,3.708294315472642,-9.122297220143615,2.893248599024791,3.85733302117992,12.194971770286474,-2.0393168492177103,-2.2714198400247323,-2.0773634356176465,-7.40632074326527,1.9134725861069586,-4.168667191502505,-0.5388372675608898,-0.652975017954244,-1.3976324577351127,-1.630637654483725,-0.26769953428199855,0.6023244099369478,0.3057788113507996,-0.5461902755673346,1.020358397012041,0.6169664387275723,1.368334850146101,4855.892293702831,0.23133972412671988,0.04807140212506056,0.203886479139328,2.205138894542299e-07,0.0,1.0,0.0,0.0,1.369589271123516,717.5707793812203,0.9980949890549465
-473.7617230527056,-61.20038326584341,16.15621555440445,-3.850648767896562,2.008520791154282,31.340989222853388,-21.96564889346819,-7.971414943936924,3.700043258696861,-11.809311688307588,-1.0676177299678387,-10.165606507950613,11.94245553253188,-7.435821454593853,0.08011196678722854,-9.531961533926635,7.264390684017788,21.9253383849979,-12.45069763081614,3.578779843362609,-5.171395065399911,-1.3889184349954231,1.1588994767280247,-4.600293643325056,-3.4066383231500352,-0.6701935441628837,2.520379113505511,0.011138682439528126,-2.0993547758120643,2.434309693389139,-0.11934687612536786,1.286657589347331,4791.25450753442,0.22794125788397201,0.06313077080994844,0.17201660573482513,1.9124430815254298e-07,1.0,0.0,0.0,0.0,0.0,1599.158447265625,1.0
-454.46015680541234,-56.23323234294156,15.44902439263182,9.194980630382988,-12.398820757428656,16.9857505683378,-23.091713110293405,-9.58380108696258,-1.897407708220321,-4.712733953347334,-0.45713896797059034,-6.7984638655214855,7.977686100198698,1.7809377791097925,13.832928511975272,-8.4915719048106,12.482575517028453,35.78587823399082,-11.176681379215104,4.643455266246646,-4.350362413755932,-2.5147777623250738,2.7991555942914523,-4.574923416964734,-4.469663944679228,-0.6688583243586408,2.405569674958227,0.4491162415673288,-2.85911444109602,2.4596347135858414,-0.8253166482633086,0.5006242663494951,4569.748160926974,0.22549388716479696,0.03635904844850302,0.20939502120018005,1.4188400420804686e-08,0.3914493918418884,0.043676625937223434,0.2791249752044678,0.6771985292434692,258.4242795931517,1935.5058961880982,0.8822094328954074
-484.4590314515209,16.39941755853789,-21.751696251703713,-12.241559790692472,-26.255749034049444,17.000289348827156,-14.46316462611204,-9.123568500948966,-2.7889969049252317,-5.452211829432347,6.242256986804627,-22.33465296395798,-6.87978154364065,-2.0088597496167804,-7.477424865747249,-4.097597800472126,14.611145137140129,40.780988833543226,-9.810690918457464,3.636352533861582,-2.779639184922614,-3.1385472896285185,4.3853993571459755,-3.3453958068635927,-3.8198360971861187,-1.139781192802592,2.256169064537294,2.015709836682962,-2.7442268447435674,1.5250288121944522,-1.1594716052048926,-0.49463239330114195,3232.4032418245533,0.2538482506658725,0.6558853816241026,0.26191431283950806,-7.208344080761858e-07,0.10575055330991745,0.05583534017205238,0.35050827264785767,0.5936564207077026,810.270735391465,1674.206315389785,0.673866685491551
-374.37273198666685,167.94999627088433,-26.04974486653642,23.488594286861137,-28.479450400663275,15.62628950485585,-3.5720047742378096,-36.800950570848286,-16.74454172567193,-13.599063953935577,15.611631260990992,-13.643248212118678,-12.604255742031478,11.774675351677093,-5.802670059261711,-4.145202490205221,14.887896346020591,40.844689425634755,-7.103115077105916,0.41729985649465773,-1.9936747037805687,-3.6931813848195723,5.429476230524174,-1.8002252413274742,-2.6318114316557315,-2.465422815252891,0.9355179056723304,1.7505775389288443,-2.2079753958733384,-0.14926425188905207,-1.3809326092246903,-1.8013415971252844,956.5863809609256,0.2404237684388651,1.3195131188258529,0.00266831461340189,-7.959523781372967e-07,0.049873486161231995,0.04508865252137184,0.34955504536628723,0.6053563952445984,816.6142788155877,1931.5405063406624,0.7028499692861522
-360.4441849796543,193.12833349882004,-39.502380741359076,23.5079779391208,-28.066593151789622,12.666652360325333,1.8465172388477942,-40.76466638887032,-21.327705927095586,-23.286449071298648,11.343292574555267,-7.843244166064417,-14.608285102047068,12.575049140007293,-2.5822411100805303,-8.47409230407792,8.769355360183916,34.43130631299092,-3.3238009356457288,-1.427604937410748,0.9853548086848302,-2.8075172764289817,4.5157681003400505,0.22368712457435241,-0.5139253568882369,-3.3889431493374556,0.7537392143722033,1.461272899905286,-2.1269681538058256,-0.032655683546147285,-0.7033554673050518,-2.1191251578694907,855.6310343921875,0.16384106409201044,1.2982546836137772,0.001103510381653905,-8.397641811310628e-07,0.2129627913236618,0.057159312069416046,0.37462180852890015,0.5682189464569092,726.7685602486683,1513.9938909232067,0.6756601486835061
-366.95709568571675,192.86446548240252,-34.359168589884135,25.11193014715905,-28.32309588870575,8.673850960284739,8.130514727025936,-30.30806110243166,-22.01474233418405,-23.140459905512415,5.837132305547168,0.8434387110054794,-15.390162670860242,2.963989501184745,-0.3904756394379785,-12.971502929051848,1.1818978848784363,23.616335046903615,0.6962534335760008,-3.377287689828349,3.6610785768394867,-1.782954744129747,3.7110838795091277,2.73617098032613,0.9688249406601113,-3.5976777655133323,0.5219168239075312,1.5139750153643614,-1.1249496655614035,-0.7407672651132586,-1.0224175070300376,-2.9462908575389637,840.8068910605381,0.1586404988268133,1.0884330617263913,0.0013543141540139914,-8.365727552110258e-07,0.1454562246799469,0.05128766596317291,0.3030877709388733,0.645624577999115,405.39794973134735,973.6119379639651,0.7060224488971042
-389.3526210510155,194.34509871892885,-27.30036352208451,7.0996536625661335,-20.630508630666252,-0.06613696520442672,10.949155077518913,-26.913952159325625,-9.942444364476955,-21.454805353703954,5.84119880717453,6.919768801831025,-6.874789247553413,1.5437862879827224,-3.132415240555671,-11.577819998030002,-10.493745521071693,7.950231444728131,4.231751860970457,-3.557453119185838,6.321806773585497,-1.3265260602046516,2.7443509753167987,6.047700838482341,2.7412566117028603,-1.8116203611230857,-0.4815721387952152,1.8294433701265669,0.12318751622934845,-1.15826265702306,-0.5972736206509881,-3.1642405300973118,821.4930727966628,0.1336925722236434,0.4546869797632098,0.0015310212038457394,-8.229225282678338e-07,0.19091974198818207,0.08384604752063751,0.42792344093322754,0.48823049664497375,222.49617672579635,542.9725122390474,0.7093334058814585
-391.0882595648109,191.91196358838232,-17.66449536163514,-10.867252268073766,0.45801519882588626,1.5814144629464755,10.125637977288104,-12.241864311863583,-1.4472877021087471,-27.16896938934858,8.13705596400428,-3.1214691062840654,-2.497398478880232,-9.353839647531787,-0.2217158257867542,-24.190957819997372,-25.536313347055373,-9.04734538081665,4.2132138279278575,-5.989147419448591,6.568499454741971,-1.2663470174097733,2.41469502561606,9.243530198517572,4.41654913300425,-0.08688266653536555,-2.2895291870840717,0.4455556104189591,1.5142924517433372,-1.0126107126773392,-0.3734348321883522,-2.3760475586416514,839.025333612987,0.1444596387987721,0.35059008840471506,0.0024609335232526064,-8.140705783738729e-07,0.2798508405685425,0.003306017955765128,0.09188922494649887,0.9048048257827759,108.74048281233813,333.2047381349275,0.7539503140700023
-439.1574298558882,173.95885659745232,-4.013969098553924,-20.294488846918995,4.294507124554845,11.05280494862074,5.2260695688149985,4.64940880543829,0.5478467826935199,-35.41463660133846,6.436978115310063,-9.25314169247494,-11.41177275608272,0.8517748060184606,-3.4547902070187515,-23.597613257088312,-33.04589079110549,-14.26646807895367,3.967477261298916,-4.116068983833837,5.723197966745898,-1.3554449644980744,0.5437956444810803,7.818305727201115,3.747484064275281,1.1996376742551729,-3.226868420615802,-1.4230350823238376,1.1758684994203334,-0.2607744554640583,-0.7334480676283234,-1.115315099127028,875.6671639361837,0.1481867906704223,0.15904727298766375,0.002609905553981662,-8.271262738012972e-07,0.09172426164150238,0.058412373065948486,0.3858964443206787,0.5556912422180176,52.05093871177755,123.44336975990214,0.703403835913133
-455.123016922048,167.55703911765056,5.346401474140199,-14.144633578266221,3.276911846184988,4.907677558883543,8.68313860071747,5.386808951260388,-0.3626087664689721,-29.879040068809893,12.338383634601843,-2.8516148835595168,-12.484368069089836,1.8460260982950736,-7.17324367164036,-27.262113587048805,-37.86026005061563,-16.707772694722316,3.5549541267685334,-2.0812374855410707,4.186631925503777,-1.0060174323596336,-0.347396232497446,5.972344061824038,2.4489454578189775,1.7675777884919035,-3.1029955094271897,-2.1128551084910705,0.5470828588467136,0.8082552035940259,-0.11609359642335601,0.14175968933341412,938.4964432349686,0.2053760597969477,0.05694822408258915,0.004616712685674429,-8.052778918965427e-07,0.20704306662082672,0.07326614856719971,0.2141304314136505,0.7126034498214722,11.067438386192965,41.17859051395352,0.788166897672831
-535.9130871581699,145.77047101857409,-3.740402221119181,-6.482406682806394,21.378252974541645,7.721390235423481,15.322185494874324,22.727537639908277,9.963762538302058,-13.345314024143942,3.351786939676586,-1.2905516909512058,-9.943331775883834,-2.9952182107526095,-15.014514371171778,-23.85689823005752,-40.48944618489464,-18.79417111258502,3.5013921386489777,1.1537816898207716,1.9446447221715162,-1.3336391045649307,-1.5507031006452587,3.9881603103117333,1.608374316419153,2.762663205455549,-3.3414952633048607,-2.242681212354845,-0.37564940974371536,0.47608524311881373,-0.01982529621637072,1.475354029407026,1012.6367042613614,0.21944402568812857,0.004363906569778919,0.007109744008630514,-6.856189129848298e-07,0.20513562858104706,0.1017097532749176,0.33377739787101746,0.5645127892494202,2.2827059365946045,7.0974868200582275,0.7566461590061022
-569.2815927392269,85.50848613156421,-15.347404975693332,-17.37901104833839,10.933149019467159,-0.5566179403700482,23.696128858313394,28.4945741172943,12.586454349693412,-15.498907343774725,-16.13724781067228,-5.98367899131021,6.29276461574327,8.99519974652284,1.3919901614484054,-18.098557781582226,-40.147068515982205,-18.592930603319363,3.5653520346594014,3.2443820454341217,-0.01608998493274144,-1.1600138859760347,-1.4161204824237728,1.2574410300905738,0.48379758174591964,3.3781347282439675,-3.172439165736366,-0.6754196099533334,0.33516919609188955,0.5538475901865649,0.5334423218296813,3.425772336080547,1974.235450973356,0.2467173584723007,0.0016830116510391235,0.038767196238040924,-6.092883567326882e-07,0.005919354967772961,0.2157944142818451,0.46051135659217834,0.3236943185329437,0.2285988167874497,2.29342176159695,0.9093588614039425
-615.1002516632175,90.02434179550414,-11.78174939194496,1.2455245784707205,6.630087703825424,-5.467499805952912,-3.4966490569366435,3.1800298889539502,-1.2906156611739308,-14.400276373689007,-20.384574631417582,-20.03073543347523,-9.201439413977091,3.6095604369537986,-7.24187994839871,-14.451199593808932,-36.26421942104434,-17.91911236650294,2.7307649822576585,3.6257043287050053,-0.533079688542214,-1.2659212382771106,-2.136913412240848,-1.1620264903267483,0.31015652781842024,4.316472863053218,-1.5920817051617788,0.1858138571771064,0.8027073045448194,-0.8460733178975565,0.6569171540822265,3.704238324623809,1625.4434921062057,0.22999099215104413,0.0004983125254511833,0.03471007198095322,-5.77515882935246e-07,0.006888640113174915,0.46694549918174744,0.2553984820842743,0.2776559889316559,0.07097839762490067,0.842473571998665,0.922296519154531
-652.2646925730212,80.73727787726503,6.099245801709604,-1.9131764737812786,4.5224323701647835,-0.46351851459082116,4.444649918378437,11.81886186552276,-1.1402819591798785,-13.270051480230638,-8.130020575669924,-11.196052297748736,-10.201123955703256,5.325715500532274,3.0332969925146376,-11.671451668181712,-30.90516488809119,-15.231049500096805,3.877739866543064,3.9996247635493525,-0.33565204003818183,-0.6407130009248595,-3.0610187459325404,-2.7782641417940948,-0.9351956982437256,2.538336064342138,-0.9272299217659965,0.39959550735470173,0.4173887185101504,-1.542968419342407,0.686352283215572,3.6254443792317854,1861.196169267108,0.25429196385304137,0.00025132298469543457,0.06702293455600739,-5.133998261079927e-07,0.04482134431600571,0.0,0.49798500537872314,0.5020149946212769,0.0849281186984653,0.3066066865993863,0.7830892233607225
-684.3009342103179,58.29294196098731,16.45505444429549,7.729409818981519,2.408999740446478,-8.910797548425183,-7.442538639500871,9.820656029044299,11.634881517506813,-4.541258998792702,-11.551238502960349,-14.492699092455322,-12.531186128352966,-5.490787653807731,-6.118817885109488,-5.701234953792698,-22.68224276270947,-11.568824730139667,4.554563735753823,3.4890923514805015,-0.9881395019746444,-0.6947447111182771,-3.3169399740804892,-3.6659203487690246,-1.6686682061979732,1.4083897803016872,0.9656479802655047,1.4731002230936552,0.2929037970004567,-1.6629954679283991,0.3901478277156832,2.801290247924922,2315.6709888937867,0.2828333170582512,0.00012703612446784973,0.1139649823307991,-4.2286217055710993e-07,0.06797946989536285,0.0,0.11075174808502197,0.8892481327056885,0.05840573060281683,0.18631837916605065,0.7613405125552247
-691.0690300869732,57.11385344190096,22.097932130040547,8.732843046450908,4.695077018605199,5.136728593171683,5.209239876290679,4.41216620239791,0.6968311191945281,-7.69273537450175,-9.790076560428961,-0.4658305628731602,2.042604344530819,0.3197566870911268,2.731510822455748,3.626587875243415,-16.822037610257524,-7.625311536305285,4.17283643523476,3.346627887519478,0.43249802788010006,0.2625800427793765,-2.492747571218828,-2.837295879041451,-1.2275142169154833,1.441523861213091,1.960646767861243,1.8974907936459804,-0.20106534562091383,-1.9277287540388273,-0.19801984704559128,2.0424543781072706,2291.879614055506,0.2872705956769654,5.3870491683483124e-05,0.11694790422916412,-3.7360693961334183e-07,0.2706853151321411,0.037931352853775024,0.17406894266605377,0.7879995703697205,0.0419343849359661,0.1437355438531727,0.7741455215206656
-711.2215128133367,32.93612694908867,8.924466616327607,5.960601720584991,6.3219936964796615,0.18501713422750443,-8.02697576930628,-1.4276376194411944,7.001739373338144,7.7334863451670515,4.601803596724369,-0.3511050479714223,-4.848993179029726,-8.529467121016722,-5.8877737171551425,-1.88517265093291,-16.82203761025754,-7.625311536305274,4.1728364352347596,3.3466278875194777,0.43249802788009983,0.26258004277937647,-2.4927475712188274,-2.837295879041449,-1.2275142169154825,1.4415238612130896,1.960646767861241,1.8974907936459788,-0.2010653456209148,-1.9277287540388262,-0.1980198470455914,2.042454378107269,2771.7304908675337,0.2893451532417029,7.710512727499008e-05,0.2277572900056839,-3.133700764194224e-07,0.0,0.0,0.0,0.0,0.0,0.0,0.0
-709.0252816913924,45.84722097177346,28.231978332273993,21.840583214908165,13.708633695434468,-1.0365864602451627,-9.490354753482752,-7.789724308713307,-9.45558954582266,-13.980939709021643,-7.889497341909909,-1.7057005549473336,-7.0867744248779685,-10.535004956736701,-4.673540760245238,-2.4093060713323773,-16.82203761025754,-7.625311536305274,4.1728364352347596,3.3466278875194777,0.43249802788009983,0.26258004277937647,-2.4927475712188274,-2.837295879041449,-1.2275142169154825,1.4415238612130896,1.960646767861241,1.8974907936459788,-0.2010653456209148,-1.9277287540388262,-0.1980198470455914,2.042454378107269,2396.6999480219483,0.2993242721506999,5.037523806095123e-05,0.10066928714513779,-3.153776043353412e-07,0.0,0.0,0.0,0.0,0.0,0.0,0.0
-713.5772469311402,36.43401246837094,17.540736747993627,11.42023944085101,4.58543277950928,-6.566124288475173,-7.468035540779137,-0.8925361021425798,-3.1401834198801177,-5.819153431543706,-0.4274813257938488,5.075097201710659,-0.7522757329432558,-5.971493219888383,-5.21475533727336,-3.712006651165379,-16.82203761025754,-7.625311536305274,4.1728364352347596,3.3466278875194777,0.43249802788009983,0.26258004277937647,-2.4927475712188274,-2.837295879041449,-1.2275142169154825,1.4415238612130896,1.960646767861241,1.8974907936459788,-0.2010653456209148,-1.9277287540388262,-0.1980198470455914,2.042454378107269,2740.51533738093,0.29659551215381647,5.888286978006363e-05,0.23057524859905243,-3.5086784837568245e-07,0.0,0.0,0.0,0.0,0.0,0.0,0.0
