MFCC_1,MFCC_2,MFCC_3,MFCC_4,MFCC_5,MFCC_6,MFCC_7,MFCC_8,MFCC_9,MFCC_10,MFCC_11,MFCC_12,MFCC_13,MFCC_14,MFCC_15,MFCC_16,de_MFCC_1,de_MFCC_2,de_MFCC_3,de_MFCC_4,de_MFCC_5,de_MFCC_6,de_MFCC_7,de_MFCC_8,de_MFCC_9,de_MFCC_10,de_MFCC_11,de_MFCC_12,de_MFCC_13,de_MFCC_14,de_MFCC_15,de_MFCC_16,Centroid,Spread,Energy,Flatness,Slope,Pitch,Inharmonicity,Tristimulus1,Tristimulus2,Tristimulus3,Harmonic Energy,Noise Energy,Noisiness
-658.7224992813784,5.002283105927171,4.448602817340064,3.9155181021801972,3.50614399878409,3.0085504083509593,2.199412712693047,1.1678665405987978,0.2627957046904949,-0.2768140511584585,-0.5643053631747443,-0.8898818792172507,-1.342101428901306,-1.686189886547118,-1.6466730427163543,-1.2507963379640477,0.7904239647782,1.0121678185273097,0.8098517843092569,0.6916886144083568,0.6693381434278796,0.6232259329802109,0.5065832198640245,0.3834007581713938,0.2985815818971061,0.24152533407804525,0.23231001496615403,0.3156423318382257,0.4479184681210075,0.5073936336475737,0.45866675413518293,0.4049632491757611,2016.1264739414037,0.286294087368194,1.6616657376289368e-05,0.04354238137602806,-4.1591863904619476e-07,22.791364669799805,0.39511528611183167,0.08238040655851364,0.0,0.9176195859909058,0.018374057157441007,0.05425738389928736,0.7470233704561905
-660.7975909791869,2.204517686928864,2.0005809775056145,1.8446880565273474,1.656335496522476,1.299490696176456,0.8601314485934874,0.5226900451163017,0.26908789108159326,-0.05173515931676512,-0.4133018908344562,-0.6300536260982545,-0.6729289925162718,-0.7065089200965349,-0.7807224998430282,-0.7411158656173473,0.7904239647782,1.0121678185273097,0.8098517843092569,0.6916886144083568,0.6693381434278796,0.6232259329802109,0.5065832198640245,0.3834007581713938,0.2985815818971061,0.24152533407804525,0.23231001496615403,0.3156423318382257,0.4479184681210075,0.5073936336475737,0.45866675413518293,0.4049632491757611,2514.567950052636,0.2825956704839546,2.2056512534618378e-05,0.15580447018146515,-4.932900342013722e-07,55.42095947265625,0.11940876394510269,0.0,0.41917550563812256,0.5808244943618774,0.02332088622153363,0.061341692778462555,0.7245431630244257
-654.6619528512506,10.657626261367511,9.697279530662218,8.206252378681562,6.329034789973079,4.233345290942313,2.085932949701667,0.03280630138520979,-1.8124904165606233,-3.3715799747702127,-4.5966694171770115,-5.462337523405477,-5.957903727503631,-6.083663928803913,-5.852243726088215,-5.293909419945056,0.7904239647782,1.0121678185273097,0.8098517843092569,0.6916886144083568,0.6693381434278796,0.6232259329802109,0.5065832198640245,0.3834007581713938,0.2985815818971061,0.24152533407804525,0.23231001496615403,0.3156423318382257,0.4479184681210075,0.5073936336475737,0.45866675413518293,0.4049632491757611,2016.9918468222027,0.27674657807055053,2.1182000637054443e-05,0.07133053243160248,-5.147773856983589e-07,23.811723709106445,0.27302345633506775,0.06274104863405228,0.2516043484210968,0.6856546998023987,0.029004909675028657,0.057707256991955905,0.665503575912004
-656.7106457473537,7.706481816182717,6.6487346178583255,5.183683258186246,3.657943424972147,2.391288359758094,1.5802107584806673,1.2453418235955613,1.2390959823745467,1.309182490316886,1.1947726418289308,0.721601336586722,-0.13642788211440052,-1.249182145264228,-2.3768977614589,-3.2537760303270624,0.7904239647782,1.0121678185273097,0.8098517843092569,0.6916886144083568,0.6693381434278796,0.6232259329802109,0.5065832198640245,0.3834007581713938,0.2985815818971061,0.24152533407804525,0.23231001496615403,0.3156423318382257,0.4479184681210075,0.5073936336475737,0.45866675413518293,0.4049632491757611,2036.9140934126335,0.26792811277176126,2.6283785700798035e-05,0.08990388363599777,-5.482130823662898e-07,22.73592185974121,0.39197665452957153,0.04458840563893318,0.4455014765262604,0.5099101066589355,0.03586159564465724,0.06434120319872655,0.6421098406571593
-653.6606975313034,12.048044554721287,11.014668909296521,9.414736192303621,7.413274392152257,5.207697354761849,3.0013839499801884,0.9783066333204409,-0.7173754161741248,-1.9940422107777604,-2.816559548912176,-3.2020110299974025,-3.209133396779742,-2.924163500831054,-2.445934939120249,-1.8725989353844399,0.7904239647781809,1.0121678185273097,0.809851784309257,0.6916886144083572,0.6693381434278798,0.6232259329802112,0.5065832198640248,0.3834007581713941,0.2985815818971063,0.24152533407804555,0.23231001496615433,0.3156423318382262,0.4479184681210079,0.5073936336475742,0.45866675413518354,0.40496324917576176,1914.8980928778963,0.2722887732870831,4.21423465013504e-05,0.07463882118463516,-5.662944088795293e-07,22.729785919189453,0.38678210973739624,0.053298428654670715,0.35883837938308716,0.5878632068634033,0.030431223594531293,0.07054814181388927,0.6986391876058109
-649.9845438292703,17.034446694719293,15.52761841715614,13.46437322905239,11.072872452099254,8.45671230265151,5.825252135621357,3.4934898752945616,1.68570663594256,0.4872662525700703,-0.06423594718740533,-0.02519411146690656,0.3364178232171635,0.6724701909593481,0.8474509832759181,0.9446799490167204,0.8809618608682102,1.173791625058699,1.0385531179868814,0.9717295700737698,0.9862851999249853,0.9855479941212043,0.9050281080860001,0.7708317991874062,0.6333213185174089,0.5180989758385983,0.4452231285256319,0.42665853474090576,0.42601221054725813,0.3788243871740901,0.2765446857970494,0.17914062352602927,1769.9487729958494,0.2784032887827223,3.637559711933136e-05,0.03959052637219429,-5.480714904752618e-07,35.971221923828125,0.11852281540632248,0.0,0.0,1.0,0.5442231617061597,98.646366743079,0.9945133589564437
-655.5375909473415,9.37570633170186,8.577284318598917,7.782909481501319,6.859736508712233,5.530982871961246,4.075464937081632,3.0038960859264887,2.2865806278453276,1.5376218077639363,0.8170359846112061,0.5816600670587074,0.8688443820019924,1.1989638149135309,1.3735009476219193,1.7179583590194314,9.714055669184047,8.616436293611589,3.5110915378763257,2.252759681890619,1.2708216081596095,0.8935964970686352,0.7005881391833149,-1.7191698433378038,-0.9834464647927956,0.8804836910578887,0.14478184254130072,-1.5239766107020742,-1.7682049651259504,-0.488872863014021,-0.709297419111187,-1.1219557300817784,2081.3221588929687,0.26861993444601995,3.789737820625305e-05,0.08748290687799454,-5.077119212153506e-07,76.9715805053711,0.03695986419916153,0.0,0.9017148613929749,0.09828519821166992,189.76514248755961,670.3406924733779,0.7793700091615144
-650.9598096006176,13.997345612889426,9.66755358672632,7.066929388295122,6.677900744757226,6.037100065640768,3.791564515670001,1.0178045185215598,-1.02560928741751,-2.1622581261319866,-2.255130378881872,-1.0194047134920439,0.6557021595213554,1.0715879369514023,0.14689919018159753,-0.14951767979759475,28.22802555460904,15.384807379892,0.14175604337285955,3.0205016298929284,0.8140591403209642,-0.20028888774674702,0.4204120029145428,-4.338700360238627,-2.297543859447344,0.013088789774659253,-1.099993982103296,-1.8271809693188836,-3.019994646129304,-0.8855525498182978,-0.35495295046487696,-2.460415897221298,1938.4493816590598,0.28203214509484237,4.299916326999664e-05,0.0896611288189888,-5.51016144093929e-07,0.0,0.0,0.0,0.0,0.0,0.0,23281.16015625,1.0
-655.4881822751081,9.649148184565075,9.186426781270583,8.515665275353307,7.660959097874867,6.63855759972307,5.543559872370876,4.499960152920374,3.5513541314264376,2.6798363532932687,1.9096156737131065,1.3014664806827971,0.848616747799887,0.46941501946592284,0.11865247875415466,-0.17559412401062796,55.31218546956462,18.389825551173544,-5.228440025003902,0.32405021177667137,-1.9402433529437897,-3.0134607662961477,-0.32798353196251606,-7.532028811744467,-2.171516202160917,0.6079359320598465,-1.3492594202967598,-1.8471380897765377,-3.6246554567007254,-0.36036814681782764,-0.9758737993376699,-3.337995326070338,2196.789174022949,0.27334861951560835,0.0003277864307165146,0.09017874300479889,-4.763091894919497e-07,153.59263610839844,0.22280406951904297,0.079786017537117,0.3922145664691925,0.5279993414878845,8520.881967954552,79843.31334454544,0.9035708757622875
-649.3696857176292,18.090403277812676,17.06195397259296,15.65490554777622,14.080076075438377,12.375074144167764,10.46813575251155,8.342172933661507,6.127387881743594,4.03399153580361,2.2018838458569876,0.6215566427244801,-0.8031956562983509,-2.1301191937315234,-3.327481814024858,-4.342511483543434,73.53748003567877,17.81172530385563,-10.915071947709732,-2.739976017400338,-6.046869417073417,-4.81642511410452,-0.27187624196463805,-8.987242626028705,-2.457828929612966,1.1239385537850421,-2.55104529326997,-2.474132218621751,-4.256309764049126,-1.796851854172985,-1.5132386715778676,-2.635109604925802,1522.8160291108604,0.2265719231135065,0.5708527835085988,0.014833700843155384,-9.454105197423202e-07,0.0,0.0,0.0,0.0,0.0,0.0,145927.84375,1.0
-513.2992790210442,134.07495302485444,56.932875354376534,36.19312730851283,18.549659998491745,10.03892634543666,5.16614523572072,-32.21927010183802,-21.686942105939607,6.11751041962307,-4.995639185467569,-30.250139268373722,-34.08959853012078,-14.552622784310257,-16.885922733995173,-21.881646779742777,81.61825173732974,14.078161937319498,-12.522419796605842,-5.5475150768194945,-9.52257564382615,-3.883404653690347,1.4588548527708496,-7.643684113469975,-1.6223292981292496,1.2203823545531365,-3.4778760540649487,-0.5352511454752216,-2.8164052056810007,-2.830103060936095,-1.6000120550266748,-1.8935867238638537,425.89696955445413,0.17137345066467058,3.231587649323046,0.00012425695604179054,-9.144957047486607e-07,231.41094970703125,0.060826074331998825,0.11527517437934875,0.42293286323547363,0.46179184317588806,12129.97449624612,180478.1661287539,0.9370225242978558
-338.88110753479157,146.36207240720034,-26.58303295874513,29.128959261598343,5.81263386607177,-6.472541302147804,3.574354295626,-41.73533857454693,-20.033920890807288,-6.637066413862952,-15.077032181101636,-6.903344004915998,-21.701135075739884,-4.227444038721951,5.529977343591471,-22.036244768340175,78.42654696569615,8.905390460604776,-12.912460468257848,-7.880098280794892,-13.452566413495768,-3.392512293071415,2.29719963180825,-6.737393094464417,-1.2720705777495702,1.0671342377068,-3.9058850615054825,1.230940794130157,-1.8491115389020132,-2.7263507940821894,-1.5121947105920028,-0.3009839270245214,938.0833196286403,0.15955123988106723,70.58920979779214,0.0026935762725770473,-7.331284106516135e-07,247.48178100585938,0.13316071033477783,0.11101904511451721,0.5243172645568848,0.364663690328598,10989.986468227367,220001.85728177262,0.952422621120243
-128.8221796425892,127.5268207751565,-61.85533854819152,-13.825053108831808,-25.44070254004402,-32.63573919245032,-2.4446786079909657,-62.300013215368125,-6.801885728923285,8.629239548531238,-10.003769649073224,-10.744810627896554,-23.206854663056497,4.021470051445137,-10.597629607561798,-21.85878426810425,64.18384321349814,3.2351312924812072,-11.43631710603391,-9.62840895268085,-16.037298963122605,-3.465355996058465,2.608477822398537,-6.492047205813053,-1.3617809301552075,-0.7739492516420272,-3.460629050570192,1.2963920394102773,-0.4675398471809236,-3.496193905268065,-1.5397462023975272,0.6678591024442053,1285.0798048652603,0.19187584451547096,120.53249368909746,0.005523492582142353,-6.852256080447462e-07,376.5409240722656,0.0916144847869873,0.026600046083331108,0.8229992389678955,0.15040066838264465,26263.277121320138,219965.80100367987,0.8933380357782627
-133.54547861908227,98.30817581273487,-89.18531251893774,-29.37967553414433,-57.69438130324629,-29.759894363141704,6.8401749341407765,-51.78083842894117,-12.551647679639059,13.405616881053252,-22.077046505068566,-17.812453286600608,-25.53848191661505,-21.9921618602534,-11.313176447521911,-4.529530446323205,42.466031522916516,-4.100918291846854,-7.187517539625652,-9.853937952807774,-16.983711242786615,-4.301499871755622,1.549853135868672,-4.437695277241824,-0.49067357535499767,-0.9262140727740519,-3.7297097886270105,1.1482555679359356,1.253544024854175,-2.6314677043900647,-0.9207636422952309,1.4633976880361053,1452.3247485831841,0.1851628842096242,104.70293777808547,0.004692967049777508,-6.257719180805485e-07,276.340087890625,0.025327110663056374,0.0991537943482399,0.7767696976661682,0.12407645583152771,76809.11446015249,152655.7917898475,0.6652685775990964
-160.27970898551632,66.30825916396753,-58.68723365367504,-40.29301721532447,-69.08199524137623,-1.52328885414148,29.3893945191936,-26.133018844329683,-1.6868829266146643,7.860513760469703,-26.20824606359017,13.052043030961606,-4.479375085822122,-25.206466055966292,-10.887846895746673,-8.135804530798156,19.177521808491946,-10.890469618084154,-4.561577781876741,-9.562063662497316,-13.715333639192476,-3.790087871165396,1.47038698251302,-1.9948496357197676,-0.4085468666246651,-0.5104327098846775,-2.690863335014936,2.174847431934251,2.466407229535316,-1.734406246508208,-1.292788913525773,2.6018774189157687,1705.1376853649951,0.191109421811806,79.43790030200034,0.007441728375852108,-5.918321853491509e-07,280.08612060546875,0.010663917288184166,0.0892074704170227,0.7602211833000183,0.15057145059108734,92627.49349737076,118578.11587762924,0.561434500856894
-199.9993384762569,66.61201608237258,-50.29342138952473,-39.50619731032346,-90.66856037926465,-6.993048851905543,24.08186937779001,-39.48666619082324,-10.55973647369298,4.645502429235821,-26.363512207122447,12.972447590294456,-13.438019885400045,-15.279265043385173,-11.860372902682634,1.3936750734054857,0.5747617463437553,-10.469625918080936,3.092980145696489,-5.761457330852485,-6.751471430599254,-1.9992461548427407,0.7774347585145107,-2.0020265520344824,-1.6715330218583229,0.06667279671461479,-1.7615781403992374,-0.14231518007447228,1.3149173612590779,-0.7999070754885387,-1.306224231848083,1.2849438816056398,1665.9275284442629,0.17721493548911105,74.37673583626747,0.0025729546323418617,-6.586586390645599e-07,278.4065856933594,0.19820348918437958,0.10374203324317932,0.7528654932975769,0.14339256286621094,81325.67017526182,95657.34544973818,0.5404888435872371
-257.601986750357,67.68172904742309,-38.38117389357579,-41.6694109104303,-94.6444665956734,-19.21274422906136,21.532347188024936,-57.54086925606744,-16.23061444677877,-15.270208085563661,-16.21946602505215,-7.4396349680870495,-10.534137800018241,-32.343533081103914,-15.366121712061322,-5.709447210035797,-10.847188564317408,-7.266310646052789,5.378061508050276,1.7265786811412331,2.2548002052890075,-0.6672913930192937,-0.31644199789718,-2.420144175887073,-1.7721674798152527,-1.283307568550537,-2.4829276259800785,-1.4029518586042982,1.0948411788152062,0.380257715457552,-0.7228862784507821,-0.7130616413463409,1439.1846809565322,0.16570645134583192,73.95590713154525,0.0008888038573786616,-6.952799114291455e-07,277.64471435546875,0.05305967107415199,0.06599441915750504,0.7731392979621887,0.16086630523204803,49716.24004779407,89279.57245220593,0.6423184328103836
-265.7286842704325,61.55121544839454,-8.202104194066868,-32.822690767548956,-96.62907732273563,-37.72652981099138,3.22900550343531,-49.39814164391523,-11.34080440208631,0.7324663485488787,-35.63153373722007,-15.14959727577127,-8.480058320541158,-15.426057507802774,-9.511057769720432,-9.666400695481457,-12.190291739419282,-6.603995180441217,7.840213003068478,6.447743960554514,9.410822052388811,-1.0394364185329086,-3.4682053893028377,-4.019899174265845,-1.1109861027852388,-1.9599254848859298,-1.1155712306902694,-2.5558150669296587,0.6843100302457812,2.2487031569038107,-1.086526973165155,-2.5041718113458646,1332.03466496913,0.20270772528879683,95.71028639748693,0.0006611335556954145,-7.00527681702351e-07,279.65673828125,0.07339596748352051,0.08890841901302338,0.7370785474777222,0.17401275038719177,24151.321115620896,78172.2335718791,0.7639710505623075
-199.4974008237567,72.17263726915381,-46.73654305694437,-44.320280762242334,-67.5036344009705,-35.77510919991511,11.182025058638771,-61.84802737478813,-30.11859591440909,7.073622629545847,-25.763248430099843,-0.7915508853470332,-16.370771592812986,-15.66547901806528,-22.475934935857893,-1.6863384596166946,-9.289357010448176,-8.194423701219542,6.273258967078978,8.07310513887928,13.860318571101372,-1.9118924116679377,-6.04057055455444,-2.9083217945247766,-0.7435864678994745,-2.814170330971614,-1.2981047813176545,-4.20691990478044,0.955910615338913,2.262828519666035,-1.3824143520425347,-2.371044761449755,1406.574753466824,0.20561590025759557,56.08016995433718,0.003121094312518835,-5.941210987005087e-07,300.9416198730469,0.038976408541202545,0.3599485754966736,0.4370213449001312,0.20303012430667877,9742.736167756562,47583.658363493436,0.8300479866661497
-186.83109318687428,48.868433976794634,-37.095546494193435,-32.35587392065225,-38.054272848903196,-25.70102455153551,8.785694471516257,-65.44411202507769,-24.588872338303116,7.648993953855845,-25.401046594878977,-12.711525018597726,-14.119958079024272,-2.9596237888581203,-4.9361477727297745,-15.929575106232718,1.1320605281003708,-8.586885701631525,2.9866230523350707,7.4757763967312005,15.635502696440419,-1.3444225941517796,-7.084597277322233,-0.5951352413996659,-0.0467998533273532,-3.5098140760605876,-1.7920802907235294,-2.995443074464205,0.807575433448871,0.6076401999823713,-2.1935649963614368,-2.448782074067061,1938.8226955783466,0.23475179003764648,15.19430383387953,0.011072369292378426,-4.425630206759868e-07,308.178466796875,0.016526654362678528,0.40634310245513916,0.18611636757850647,0.40754058957099915,6924.481926908815,36466.36182309118,0.8404160572031094
-215.5246148138422,53.94497856722123,-36.749915043225435,14.64853103593293,-5.647831985801362,-20.879982033786092,5.6664524693858205,-68.0193475280696,-9.945355956158478,-4.931202198695093,-42.66017740563735,-21.662476533292427,-10.641921996740782,-9.282863173084156,-21.01698005360257,-24.464389486736223,10.308119779161775,-4.317412052522263,-1.4002610341965607,6.21549456683702,13.123120059365194,0.805721811618475,-6.210440832407335,2.608848250451935,2.5359702680573446,-3.1739176639775115,-1.3931186733913388,-1.5288870573513276,0.39958305705506675,1.5502496392146208,-1.2056188991268262,-1.0741637697915998,2235.9381046560884,0.280544257822406,2.069041463546455,0.043201278895139694,-4.496573687271458e-07,231.9718017578125,0.20934171974658966,0.18013674020767212,0.14113597571849823,0.6787272095680237,3615.8251705722105,56925.16701692779,0.9402747619435485
-296.07644446546846,16.269772551032673,7.454798412428719,23.217878453847707,2.7999752270482237,-17.33934166387344,-17.155031382562523,-66.60906708331649,-12.536021150047127,-13.48718186394948,-24.566953663747032,-18.933824333593854,-8.85179373472854,-10.533650811881042,-21.698890435634596,-22.189820997343283,11.443290620143257,-0.6571231336665019,-5.167095019643614,2.146663375585612,9.050760595970981,2.6567915503286983,-3.0105604384576186,4.086597494642645,2.3513422657171783,-4.397187053281304,0.49109554461436616,-1.3505296803520457,0.37974796472464034,-0.06296452060922575,-1.8187291571323767,-0.6135260925889593,2850.9262666387563,0.336557342256901,1.8597573321312666,0.06813127547502518,-1.0010550156679122e-07,293.60614013671875,0.021684402599930763,0.3848239779472351,0.37755149602890015,0.2376246154308319,20523.66832244929,69726.01917755071,0.7725901452849985
-268.3253183894773,-8.81234309781972,-1.4917828490990077,5.484827859830544,9.579363197015498,-24.614712832686216,-23.747713111559264,-40.16531336153969,-11.189078699097116,-27.651162828976553,-36.364502786179216,-19.620148879519444,7.883481569239987,-9.470192318349918,-22.56347235514776,-15.07058915844486,8.584829596879004,2.8798279821558443,-5.853821515464091,-2.693401439188655,3.156285901330294,2.403231222635306,-1.7513189110853755,5.493667452798157,2.6565034802047505,-3.560584609886228,0.8619479334412407,-2.728048394543728,-0.30846838986083586,0.7716719643878867,-1.562158332209226,-0.25938687859658494,3664.3180292250086,0.27548904476845254,23.095117514021695,0.16449309885501862,-3.2234253155888365e-07,284.79425048828125,0.01864049583673477,0.3169696629047394,0.49132293462753296,0.19170737266540527,31065.089184135377,108160.08269086463,0.776871604712211
-155.79524823037178,22.376920790995932,-43.4862271945338,-5.497717997293273,0.5176308441406602,-37.02528717655481,-36.65613296704315,-51.29706897469305,-19.488587699946766,-28.604962340803894,-39.44399678998222,-15.713968152196674,-16.383947602535017,-27.361524924921255,-33.636657253396095,-16.360976668582826,9.415912264413489,5.696641003005429,-7.883510890070873,-6.680404668468391,-2.2763334737568774,2.3242777634292513,0.5196220113660096,4.415506639576482,0.6158706059016914,-2.272371052941835,1.1937741158890733,-1.3941284035098978,-1.6959715127603139,0.8043073858989406,-1.0149611573116166,0.6439874593984076,2293.443919072646,0.21527243385657416,54.469052743166685,0.04568430408835411,-6.113126386212657e-07,282.2731018066406,0.01052946224808693,0.2879912257194519,0.4744982123374939,0.23751060664653778,26923.840741079945,132601.00300892006,0.8312247791116866
-123.70497049046715,80.9434247925654,-66.68196348675224,-7.726714390228225,-19.41275764833364,-15.32346793614163,-17.760360896607494,-27.53406824326959,15.441805642756744,-18.229464844499205,-29.164794891093912,-18.979788845202663,-12.056642649797272,-1.3423245241476924,-11.121751210835821,-8.543784954892036,10.04379802761437,8.60817392541907,-7.197453357207013,-8.449671851953568,-4.278817857407601,3.38055485662523,1.7578672523978558,3.282876959973696,-1.19081924315083,-0.941778474799829,2.650878694133657,-1.0977301754373205,-1.4862499597596839,1.2386519107639975,2.0413479237301195,1.0745936062677048,1635.3894286813256,0.18723678906751667,47.49337016697973,0.01995595544576645,-6.136409722228635e-07,290.76214599609375,0.0362875759601593,0.27679821848869324,0.5339860916137695,0.18921563029289246,17061.78387818287,119804.66924681712,0.8753399135535399
-153.24139430259333,74.05136480999792,-76.36865686472657,-39.206067080429264,-20.028576589874717,-6.617573491656341,9.851843507521725,-27.871678639739287,-12.480183217646541,-22.441055540236643,-20.266384279571934,-20.775724357804,-9.518791686673161,-14.86510833303134,-30.57075510475317,-15.858956513757125,-1.8512308714855226,14.105897903117501,-5.072900228691803,-6.639228253289142,-3.3840779831033014,5.492015354877522,2.771161033893797,2.067624327308332,-1.7196461469720565,-0.0027344052941339902,3.0386942334074174,-2.0002958103006945,-1.767642178154028,0.6419041596851314,2.248999307021235,1.0294599193123712,1616.3218678088015,0.16883586889335508,73.03962313663214,0.014064596965909004,-6.79915889912645e-07,301.6017761230469,0.012457963079214096,0.2953990399837494,0.5589917302131653,0.14560918509960175,20057.332729049383,87391.96414595062,0.8133321174508674
-176.8973522542441,81.4568487039261,-77.38775238750182,-61.217135654373564,-26.225569148294433,-11.895999825946795,0.7013116944708577,-31.69297979137548,-10.307999713812976,-13.339032956062532,-19.713456640674444,-37.81043518849242,-21.85827344150899,5.075413059674753,-28.64552713692173,-15.047618931034373,-26.583041845116583,14.656961925365268,1.5868294118632917,-2.393150706534194,-1.9735242645839892,5.942066125582642,2.8687894067557047,0.32456340023547275,-2.5722007302960153,0.8101810442269082,3.227598746626037,-1.761887187852809,-2.403602687081627,0.7717719984485519,2.4087238651606406,-0.02337710822925549,1427.1229673525038,0.1904358901155652,80.7345809340477,0.0044845049269497395,-6.619160099484371e-07,306.40234375,0.008392177522182465,0.266195684671402,0.6260362863540649,0.10776807367801666,23867.10600631991,52794.33930618009,0.6886687185582154
-182.13546819656068,62.35440831726848,-66.66055903905824,-41.14783560029504,-38.10366596358779,-5.258540066220924,5.303604724412547,-48.982793735307204,-21.764470483200633,-18.00918643022185,-28.65468709612394,-20.751622076320317,-25.828737156121193,-1.5299583629186053,-12.863652771433348,-18.12947442471428,-36.13986885810523,3.2786348953449207,5.825026252282124,-0.3420908284690807,2.0370929502256874,3.8442773243781745,-0.19261450276497907,1.7406155345795342,-1.815345705173037,-0.563379446619473,2.521888531559611,-1.301125337796563,-0.07147325434694679,-0.1989490575950936,2.561158970007921,-0.16602816747875154,1547.5493997710146,0.20264520831847377,27.432393374852836,0.005134135950356722,-6.316200047211083e-07,310.62274169921875,0.007288073655217886,0.28810209035873413,0.5095679759979248,0.20233002305030823,5658.316815744316,21654.851153005686,0.7928355721233727
-196.67582315086872,90.45090371820697,-42.95660512596578,-22.04419217487741,-16.11335092277953,6.806454692758627,-8.661022346533938,-42.08841250829168,-23.078948216772922,-24.36341753258708,-12.951123119704778,-26.404498651919063,-7.048375300682512,-7.852760685330841,5.251362407924535,-11.527735474604077,-29.306711078477417,-5.367350789038911,6.628604849618588,3.101782936422628,4.554312476981263,0.29429845940095706,-3.745438391830024,1.8208147943306174,-3.9170047379702186,-2.638397357812862,1.6048349394383679,-0.31113173955223844,-0.7579833156685665,-3.2100701304148593,2.2087564407359666,-0.09148925447482886,1598.4630313174423,0.21911030559214842,3.307767360471189,0.021589094772934914,-6.88814054946572e-07,81.63488006591797,0.07330046594142914,0.0,0.44359877705574036,0.5564010739326477,2530.8295949607527,18064.932123789247,0.8771189126422679
-351.113823542669,133.29370624479867,-23.27647516284861,-24.52611620192119,-7.677807650800588,24.734772432490058,-12.497920941422013,-34.26978754629397,-21.837918485601747,-22.51450284305379,-4.304064322025621,-36.62351061092029,-16.994731279876056,-16.638379818325326,-14.830585162080201,-6.894855098436991,-11.54310563154296,-7.461281068269329,4.323523811227132,8.441904815909938,4.749562876303004,-3.2234877384694753,-5.171172283573469,3.262681706201526,-0.12702301785474973,-3.5819117335255735,0.450605506720386,2.0751706223609894,-1.0647276193837878,-2.480319296326071,3.2046447556167617,0.7293933867530802,1084.8749803108758,0.2035487669130845,0.3327545104548335,0.004010908771306276,-8.320139277461927e-07,299.46630859375,0.010651599615812302,0.27119988203048706,0.12483063340187073,0.6039695143699646,2200.630086138558,68779.72928886145,0.9689966336390001
-476.87306977831037,126.0249963526688,-7.136359331723849,-8.496953062420385,-11.007852919887181,6.79151467346075,-2.247140608699038,-35.51237252290388,-26.428642818142734,-18.10728272234527,-20.315231119312692,-26.65997052028158,-26.139118286174003,-6.014540583505196,-13.150500838935216,-20.46123222189776,6.897542301025236,-6.962923643429674,0.30966741054558344,7.730422849776779,4.254158161227047,-3.03331118400436,-3.8513813120746465,4.235685134097676,1.874635905345714,-0.9431265706441652,0.8848616697872878,3.2606369009175293,-0.0709912819298123,-2.49727408153441,1.5524308731099263,0.27529938812493404,884.4189573739641,0.31362602006226953,0.3956253146752715,0.0015332535840570927,-5.299736441609153e-07,293.6379699707031,0.15798985958099365,0.20850856602191925,0.17581449449062347,0.615676999092102,3825.3430986410567,121176.78190135895,0.969397775448689
-329.13637429187355,5.875581080121581,-35.92391419289625,-27.184612729313443,16.066907525275322,-16.299150859833553,-37.664799989726106,-13.406195113767918,-7.444332172150109,-34.35447083617173,-17.92458500443955,-24.398302970421117,-6.85869442906184,-22.722919565431138,-10.042017839750795,-15.275335302277448,15.699046472016338,-6.173140490149606,-6.271509543034766,2.854805603589637,2.0648496396918734,-4.678570343416792,-1.0680735655062168,4.812740459446141,3.4431505727979714,2.4112476897791817,0.037952421545055376,3.1583041657989908,-0.6100457972315796,-0.7704092380628966,0.43423026785169244,-0.5916935725701025,3353.151411363312,0.27040816351768043,4.43996368534863,0.22845500707626343,-2.5460610199260304e-07,338.84344482421875,0.02168368361890316,0.26131102442741394,0.31917804479599,0.4195109009742737,19859.519931903607,141113.0269430964,0.8766279075690769
-239.15195407710786,11.546102448135084,-43.558165243287604,-0.7315822527957407,6.614993727622316,-20.489893393375887,-32.37984658307838,-12.839514154277975,-39.011470158153685,-45.35990975339145,-12.635388710073144,-22.53709117947883,-25.489544374763035,-34.277935870629065,-0.6427375998796588,-10.455687866761856,25.44609389391083,-6.4866069501048855,-11.53880095297037,-2.212635722199777,-2.7691926423825954,-6.711845556134591,1.433230164390395,2.356160306293352,2.371702628401849,4.160326745932143,-2.255054386641261,3.2014960124286365,-2.3013727167930758,0.8729343345515996,-0.5865797789478695,-1.7145946383863373,2598.323351549091,0.206864261403815,64.12112306710333,0.07493437826633453,-5.151085117377776e-07,333.4129943847656,0.023696543648838997,0.28221604228019714,0.3988772928714752,0.3189067542552948,19311.87218947597,173084.98718552402,0.8996248054557102
-136.147262704073,33.91109893775929,-61.21137392612176,31.689918893431333,-1.7772168474218972,-43.000428991495866,-23.02414011530776,-12.503861581656146,0.8194288426049331,-45.54546544470905,-22.33987667265734,0.7840353849916698,-27.478588394646245,-12.41796050439467,-0.3135275774096542,-7.55569938506031,34.81763286709171,-3.917976204634039,-12.047191013696267,-4.3196547642186545,-4.313800100739682,-5.733828780992413,2.3862329402330134,0.7076481601092354,1.9555850896307465,5.402912732704478,-1.452914017040166,2.3311186446668364,-2.1192975588656804,2.2234286727187413,1.0155101173044279,-1.2963867431620255,2010.6994350306195,0.19203114808321556,104.51958513073623,0.015516333281993866,-5.623111406379975e-07,326.82720947265625,0.09539704024791718,0.26231175661087036,0.41507962346076965,0.3226086497306824,10638.00654393759,201783.3059560624,0.9499202484970165
-92.18166870781067,69.65240801331815,-73.36699024784761,-9.880789607209477,-6.9583846862330585,-5.182596025907809,-17.67246747651035,-15.35724918028703,5.241478764346029,6.624515853822073,-7.929376445677415,-10.042630417058398,-14.999178917225677,-9.48397402780877,-13.021749762470863,-17.28936314186184,27.357025001098457,1.9028145887712642,-10.46252419191241,-5.665301423415859,-4.644386838534242,-2.6311597122415824,1.863152942786963,-0.46773906456068304,0.219266873289223,5.230202387215248,-0.9626489851818009,0.6714053282232065,-2.631854444356993,2.642162858738566,0.7281110049801687,-1.291847408702412,1739.3615970572382,0.15497378860676436,86.37033258751035,0.01999433897435665,-6.154115596152717e-07,309.94525146484375,0.0916610062122345,0.08806318044662476,0.653725266456604,0.258211612701416,12120.961421824126,158151.88232817588,0.928814477077622
-191.9339462932079,63.667199873344174,-109.85251248364081,-37.497663722283875,-21.353153109186273,-25.757354449770816,8.837371169839317,-13.391236914093978,0.4595010438291126,13.247216935248188,-24.753765205462656,-5.38295359863764,-23.936786322655156,-6.907047762187965,-3.0308342279605753,-24.854621208294812,3.1076150571137013,9.865988879507292,-5.622088644896589,-5.032349160353352,-4.575081861587255,-0.2663901066548334,2.9685698082206096,-2.0713340705188537,-2.0985305017104188,4.385901636673361,-0.679350958690089,-0.08331782251448801,-3.9634867398611715,4.376738089876365,-0.41940105443888526,-1.1780970058091247,1552.3189387996658,0.15298209768943757,60.825297814793885,0.0038875879254192114,-6.539548048985069e-07,281.4605712890625,0.17181070148944855,0.1981206089258194,0.4613429605960846,0.3405364155769348,13346.357809735884,107301.54062776412,0.8893776188182028
-174.9623011115023,66.54909395049049,-111.66941103855888,-59.53178200089369,-44.95843448838195,-43.33975860496469,0.8884595011770525,-32.70806594237777,-22.127474482751484,1.6520431867192125,-36.5287676765091,-16.416730865166315,-36.77742096357238,-2.8987677522672026,-14.893645580700689,-27.292673987328012,-16.072187041117463,8.763924755284014,-0.3518509633036244,-3.0921569153360364,-2.439144981768194,-0.9919446786185566,1.6107986534481322,-2.257138979505512,-1.8999969109099684,2.8492994567946104,0.6112049690254528,-1.6890448485379816,-4.041055937469966,3.9873027813048476,-0.9092470451066191,-0.16474936636804616,1576.4001607240668,0.17761076530223435,74.7858200063929,0.006457324605435133,-6.391967796117983e-07,272.1265869140625,0.06433235108852386,0.09662271291017532,0.5286188721656799,0.3747584819793701,11683.321643890142,76214.08460610986,0.867080018144561
-160.6261923780567,75.70860418901475,-81.168046191654,-43.60098862625735,-24.818498064830074,-22.77192687047541,-5.984057276758618,-25.13634042338473,-10.745172231298534,6.912743428201649,-11.69953512531818,-21.97045055875105,-34.88901307240015,0.26979428670062566,1.2985863885630122,-14.719013150011,-29.422638585782327,8.654308100664146,5.815754963200762,0.9570222511761876,0.6523746868644624,-1.1168984199177332,-0.23963821086965803,-1.910665704674465,-4.146648749678347,-0.6424366566821095,2.519617614026547,-2.4851774159410986,-4.421523940469465,2.1057313125344623,-0.9191690295125444,0.4356305883660587,1549.0489947119688,0.17816900564055846,46.22469604853541,0.0064683277159929276,-6.349079906796998e-07,265.47637939453125,0.03726566955447197,0.24675434827804565,0.43952476978302,0.31372079253196716,16226.423402428933,40501.91253507107,0.7139626408166412
-211.04848678271534,67.25192686749394,-83.92521567432624,-34.46719696297254,-19.328903131878516,-20.707135031818435,-22.65993436503471,-23.574729781942153,-29.016025562450217,-8.808804677441266,-26.87359168996142,-19.928212816934966,-39.835708192618256,-0.6939453362581591,-2.9295082824197944,-27.51296145054207,-27.767745131805107,4.719358666672232,9.793413107982074,5.922652602920312,4.683459450105025,-0.749964386189172,-2.595186100818918,-1.3459514232763303,-2.1526431604662633,-4.827305343836787,2.4377452182023744,-1.4578548060952374,-2.1621314178251945,0.4109785617931099,0.10952646362822244,1.2645197662891476,1547.3088725796213,0.1893121433355923,16.41020759381354,0.004639084916561842,-6.711193452786145e-07,259.0538330078125,0.00803979393094778,0.28700628876686096,0.32432103157043457,0.38867267966270447,10385.101951368732,13442.112892381268,0.5641495651308656
-270.6651259680477,91.96312184829097,-70.42601471262216,-27.309937243715687,-12.080744694666555,-20.70703164657015,-13.586460193646154,-25.770850839415594,-33.794334295857865,-20.965261362713616,-15.606520115836336,-14.633960996147989,-46.401599813124356,9.749979917503094,-14.956038672857847,-14.071350607737266,-11.401188293054618,2.3265336225141677,7.652731872113872,7.28312865474607,6.239631301100082,0.3727876231000988,-4.760128216091222,-1.2373218026496753,-0.12033106171009487,-3.5543075006711957,3.18034633293217,0.08825286076638462,0.04604076820150316,-0.301073645488645,-0.9593551746930382,-0.17046412767513414,1366.2383158321973,0.18916539353611866,7.821489619091153,0.003066413337364793,-7.116548772458225e-07,261.0684814453125,0.08325108140707016,0.2473275512456894,0.1864456832408905,0.5662266612052917,8164.1387208417245,53125.50190415828,0.8667941492626149
-327.7398916872242,97.65584608849096,-43.81695296272406,10.95499102389889,-15.192939651733413,-45.07319897321706,-9.097036166690938,-29.70134072539081,-21.621180985776057,-11.755292320575574,-2.3087814902012216,-27.219601181727164,-56.75680354782139,2.7164256745228554,-9.428035849049232,-5.462292805505671,-2.299219626873586,-1.1832392658438553,4.696071283256616,5.805234386895868,5.9515997597564825,2.5149197842847104,-2.6110530254935758,-0.1922429471214115,1.4436559493702534,-1.2032000894039203,2.9210649588589415,1.2124767087686055,2.673767405570614,-0.41532596712263514,-0.8964222324890279,-0.8171680614749844,1199.0660541955124,0.16146402608618457,4.135078825056553,0.0016176293138414621,-7.588921123384905e-07,258.0343933105469,0.013581905514001846,0.1891375631093979,0.12884007394313812,0.6820222735404968,6980.464922001645,95423.81632799836,0.9318342471936285
-352.4310380010245,128.39947267461758,-22.786875168520517,19.058407688978477,3.140732633284581,-38.01927037466682,-15.951272612421507,-26.499305570393375,-22.38425215021053,-21.675708049121425,4.251524779683634,-18.10752359392589,-50.486250476245345,1.1379899630257402,-13.824780557285628,-15.22810674631182,4.7235167462909935,-2.888563221222274,0.7897126053451708,0.6406992782976946,1.8002780719314333,-0.41369801595326794,-0.6660785827595792,-1.9318766305596262,0.7180684829149189,-0.21370369559161312,-0.2868468569427829,0.7521761766040177,3.1926635851486953,-1.376854698966942,-2.2591302679552707,-1.6106031172542057,1058.4772369404468,0.25673230169922284,1.9212740743532777,0.0020402707159519196,-7.009790395988995e-07,301.5978088378906,0.06807785481214523,0.29444557428359985,0.24137820303440094,0.4641762375831604,6535.302229359806,95582.8383956402,0.9360025340320399
-284.42649821866604,72.27657792862726,-28.376758522132135,-2.7742034798832895,26.855906997624004,-6.8851284969235165,-31.11542758894261,-27.0602040416932,-4.4062099794660625,-25.919701614076295,-9.250412507025935,-18.799712244391106,-14.651214092105388,-14.53071701591805,-1.952541661524248,-16.618558720491485,6.4427652342685455,-4.065944047050492,4.527168544668565,-1.379299266788113,1.2060899489999224,1.309241874086667,1.4163342124193887,-1.0072463880661535,2.3117921480411905,0.8407226530896428,0.4737538077672125,0.1897200894984779,4.60433980530772,-1.7925674659879625,-1.8495943547713454,-0.8309808794530056,1950.3354603303403,0.18933220569202797,39.73885102570057,0.039312198758125305,-6.092470344890329e-07,309.22576904296875,0.029271971434354782,0.13125406205654144,0.5352151393890381,0.3335306644439697,29476.757073561894,72002.7507389381,0.7095299562545669
-155.77834882104318,60.32317717940342,-96.74867497872013,-13.504162946186433,3.366954073716853,-33.791324946854864,-36.96875363569376,-33.97382506998605,-10.66558444399892,-4.357739324777979,-11.62406909103345,-2.380541043937808,-27.811937412509472,-3.9858810876373125,-17.940674423156796,-40.67528993665791,0.968236393025538,-8.13398699955985,5.535384265089521,-3.5883956827371546,-0.46821692050285824,2.3268392418168338,0.7394080355673024,-1.127767063943535,2.0393378603376795,1.128905827744282,-0.8320263012805023,-0.5160549386971595,4.486802156082504,-2.6857267023981355,-1.3409248103656095,-1.541264544178565,1714.1268291559757,0.1750040865927758,103.81694844271988,0.010795950889587402,-6.070005262474273e-07,309.7348937988281,0.016970336437225342,0.1331898719072342,0.5424107313156128,0.3243994116783142,28372.534299765077,69157.98913773493,0.7090907205276418
-155.95599445614667,48.718161982892845,-69.22688366153253,-22.464468432227054,-3.721301592683975,0.06564313116724618,-10.21986389537743,-27.038745851627986,-15.689754410576315,0.7899640503146046,-6.545493634686266,-12.617872006574625,-13.549801009407373,3.134482600096014,-14.681831298587074,-25.240999649849247,-8.292636810864462,-11.862716174625998,6.702208822821611,-4.262805851000637,-1.776428755364765,2.5413157697906894,0.6906440359288957,-0.5787655305149587,1.782724274540592,0.2125750277001957,-1.1049972719061911,-0.7675891380810687,4.199433426316374,-2.187384801512993,-1.534979962197056,-0.9607389719498709,1685.9920733464605,0.17873007613205194,49.947229290381074,0.005971965380012989,-6.012468736249263e-07,312.7827453613281,0.03456222265958786,0.13667452335357666,0.5530317425727844,0.31029367446899414,10443.227622506982,38727.80753374302,0.7876142409993667
-199.36454736926015,68.44526890854118,-71.04482459817072,-46.463134372670126,-27.756089186785548,-47.56185170094473,-8.109544293808542,-48.07527488515392,-25.83696602898716,-8.254547247082094,-31.504129279111556,-24.40224572790015,-26.534718246814336,-12.074630974888695,-24.150681040372348,-24.490995116136915,-18.16966738603444,-14.73489016438832,8.120827343468656,-1.4547318639882518,-3.3227925942056054,1.5429743564962468,2.2346787882255064,-0.4821617722652563,1.8139758588310604,-0.12786409482644362,-0.7784845176679636,-1.0187342815259168,3.0554821254107685,-1.9960470277671671,-1.2252333316523023,0.4438004189379684,1714.7359076831585,0.25094542600306113,2.7587742367759347,0.01931402087211609,-5.464791618783746e-07,294.4906311035156,0.050117600709199905,0.32477083802223206,0.38138166069984436,0.2938474714756012,299.3898979756348,3109.41161569624,0.9121715075592243
-302.937563128312,65.38907179315152,15.641835211817792,-15.94141573122419,4.726580082576774,-4.5537992888826455,0.29317601653921865,-21.417775130613954,-6.20254975613817,-16.333120834351224,-1.7568231610750207,-20.98880815071697,-12.942851822875967,-10.142059856904563,-20.12157063711738,-15.911792041279098,-28.283212108900603,-12.050603288146943,10.816207581240635,1.6865453793025185,-3.0211624207831007,1.6329261361099991,2.998706449245749,-0.4556418112275405,0.556349527847491,-1.7142777187412286,0.0642157496947513,-1.4298150017480475,1.0040799360059058,-1.775049146236033,-1.2475435073525125,1.489300238564883,2611.7567302426323,0.3313559414385822,0.20502922404557467,0.08659756928682327,-3.1811246872090364e-07,309.8571472167969,0.02147071808576584,0.41380468010902405,0.3307754099369049,0.25541993975639343,94.26948913435773,797.3782769789235,0.894274967406377
-383.39419774836085,30.02010344586963,2.352164132489429,-23.280230149520424,-10.950925245329998,-13.160395026452205,-18.68275388025702,-38.11741088478729,-10.220996765855217,-13.986299378335044,-11.299286070575835,-25.445978842330014,-24.211150650985893,-18.70204590494466,-18.704487086481805,-22.566139926333676,-23.68817617395165,-8.562607478552426,9.43648864606063,2.4996807665669496,-1.332815965583241,3.056968981123938,2.5638407552088025,-2.4063204230381627,-0.8102194285279306,-1.8836397160821305,-0.6464711969978221,-0.5982377637039145,0.9524828828461213,-3.2051171511371597,-0.23231414936269523,2.6948091995249657,2846.1677133628355,0.33081836332539766,0.08785988856106997,0.07803250849246979,-1.1606300931225938e-07,312.3728332519531,0.019230930134654045,0.3801218867301941,0.38499927520751953,0.23487891256809235,1532.2886676481357,9712.560941726864,0.863734178679398
-408.7549919478116,-5.087139473884583,9.4266404417303,-6.409769379945098,-12.425203300594724,-23.320651853015647,-19.60786881509309,-28.96509669906741,0.688256878649443,-18.152811817448935,-5.997412057055412,-26.629622692486578,-14.645112948058868,-15.386460554888139,-18.155939243007474,-18.76930954447378,-8.290030709027631,-6.91298817598734,4.034899065139412,1.9862243350248776,-3.131457222900977,0.937028854734838,1.663547072485745,-3.5983637265016206,-3.0677851469310036,-0.4238687975125115,-2.397937765719367,1.4160354978701895,-0.2874163828203966,-2.8605039359536804,0.06885290734056403,0.8776037569496495,3942.551815901243,0.3103548500384921,0.08909593988209963,0.2385503351688385,6.206909142940564e-08,3916.530029296875,0.0,1.0,0.0,0.0,5.614650775675045,27863.354099224325,0.9997985339599021
-381.17636186298165,-23.61728232512104,-0.09461351332991724,3.2213745806173355,-12.1933543154272,-11.708616865342883,-2.8330197251235907,-31.63651243419445,-1.5895594140126483,-20.323785571043608,-11.225052451445329,-13.890652045511342,-6.610725130513355,-17.48368977635037,-18.308891179662655,-18.344914251560233,7.992342951011005,-4.899659978935484,0.6544843880285626,0.04434027267849028,-6.124792984688558,1.1828415135351602,3.0381402728623055,-3.1652376952469634,-5.049181690809212,1.9045810891153607,-3.2048962585778806,2.837170660271922,0.3284860952714652,-0.9926195836276468,1.356329312061682,0.11877948338735364,4264.189084587512,0.303749380891937,0.20114761125296354,0.33755239844322205,1.295294230549976e-07,303.1109924316406,0.034595049917697906,0.3866467773914337,0.5036405324935913,0.10971267521381378,1202.2089419184028,54465.080120581595,0.9784036736445234
-367.21925873011344,-9.018184671126894,3.6997998631382094,-3.843251517376753,-6.64063815367297,4.139515807060791,-4.399326426714058,-37.17410626332195,-14.960983794639272,-28.755006743800486,-13.911690332245115,-24.347545397868217,-15.524160193145256,-20.115772382917676,-20.014026220694973,-14.743895755980052,19.55427068078369,-1.0881499008366122,-3.07917715826423,-3.021116573332165,-10.865800134047264,-2.4304456369790324,4.518484612161139,-3.0842326037966936,-6.605414959611483,2.6233516173197313,-6.018654803067946,2.8709115160872103,-0.009342405334136356,-0.1259386891342029,0.7186289220617553,-0.8879486313176017,3837.6212998955452,0.279611397503436,5.656699940562248,0.2159799039363861,-3.7628320569588115e-07,325.1602478027344,0.022269215434789658,0.25388920307159424,0.6184117197990417,0.12769918143749237,33904.346841893435,58735.707845606565,0.634020651690438
-235.29327877310706,38.836653425222025,-43.817664781212315,-17.200030198283436,-17.929204579176318,-4.227099013683646,-0.5395464854936426,-68.79966194015438,-37.21185880005483,-3.9640650626684253,-24.875880712669662,-6.402445661778334,-21.580356058869015,-30.609317542207698,-20.838543250898624,-10.484640920675002,24.401986368298246,3.974747798943814,-1.519693679687117,-3.5271585725035433,-12.524310480941876,-3.7645154580402513,5.066132336461902,-0.18013678547414985,-5.310102656028947,3.3559174143991664,-6.452375839555075,2.719049321563254,0.9363925528148878,1.1351240838568006,1.002013368780789,-1.363958375822743,2083.9408232195033,0.22362104515028308,26.53438763320446,0.03173491358757019,-5.131492131275423e-07,326.4042053222656,0.009862205013632774,0.23160645365715027,0.5589543581008911,0.20943927764892578,30944.92969540309,93630.82811709691,0.7515974998765125
-221.77351770912003,17.842775630459037,-22.541055461365524,-27.292914827102077,-52.06910700625637,-23.089590651505056,7.439661518515846,-59.21297050419614,-50.9540043549507,-0.9906150477815456,-41.42687136450576,-6.086652663742196,-24.6862705876558,-21.189794282861946,-16.2858122154999,-24.220963503543828,22.471699285436788,9.391281427697576,-2.2469680204248585,-4.5231994498235215,-13.196462723858115,-4.5824323387961385,3.575791819151354,-0.15620594361840168,-3.887660302852504,3.803263808414816,-5.65445670322424,1.5130524153749203,1.3224248439467767,1.185656178488597,1.1729463309025416,-1.5505805612118535,2030.8582366505411,0.2276983445127117,38.59133663121611,0.007375049404799938,-5.072160874563634e-07,324.2518005371094,0.009683612734079361,0.22596055269241333,0.6280504465103149,0.14598891139030457,23191.3765411086,121280.15470889141,0.8394744186591531
-224.7868299605406,27.184577656162674,-8.07376617135589,-40.96613540184494,-74.98822026029629,-27.249075397353913,19.228956378167112,-49.81406586492453,-50.60335925659394,6.446721323475629,-41.05817011536235,-3.113588352982851,-13.895498228944323,-11.542160134196452,-5.15101034902995,-23.524527218580836,16.376064701626618,14.110717765979697,-1.3290758691906326,-5.078664781161291,-12.341557301185265,-6.417647944748806,2.921880612132765,0.5925453200764159,-1.2133000547854387,2.743225918656159,-3.9223594249868676,-0.02572766926140159,1.6839359760814514,1.2984414059190765,1.0691523823094184,-0.24322095582712971,2019.8714461439524,0.2213544447693718,60.8095694584772,0.005947792902588844,-5.667132899815669e-07,317.83782958984375,0.034754540771245956,0.1734132468700409,0.7257489562034607,0.10083791613578796,23924.357308382,126603.533316618,0.8410636247605228
-258.54053664923634,24.115026133124964,4.188236334256861,-32.44681147365959,-88.97653624813933,-32.42988362906195,25.539529028426223,-34.494048673407065,-40.270296818945724,-4.978640612840763,-48.59004545447304,-6.817964886724651,-12.056740667531807,-11.217980716527528,-19.80989485522474,-27.751472395044033,6.202091491132947,17.30161365061186,1.1866662918250617,-4.2910681603015695,-9.41123132947953,-5.700042934577977,2.5862198399958483,1.4668818952776674,2.2213806059927634,1.615090770049419,-1.5717461222245477,-0.19119173483160007,3.4296311214574167,1.273183099910605,0.24907355238675022,1.125326776900694,1842.8889457423188,0.20612983285090347,67.64204740151763,0.002087574452161789,-5.764710877130261e-07,306.7137145996094,0.011161956936120987,0.1980046182870865,0.7047252058982849,0.09727021306753159,11855.264331520644,116139.74348097935,0.9073771349825812
-244.5814449042876,35.62352615873131,-5.964647822073321,-28.703656348125207,-98.64753256321922,-48.218697184374264,9.457947746079181,-22.074255910561206,-25.648466271724516,6.145482062931952,-54.34509452581504,-9.472737402998412,-6.1736274213147535,-7.503803871954007,-9.944813762222147,-31.32982000534588,-9.681069528638357,17.679540162351458,5.803015278062688,-1.8147683097576732,-3.976273237685744,-2.6475236077848163,2.142376817052088,3.3029261413101714,4.638704422787568,-0.8220710659162007,1.8056744963311213,-1.4811769663332972,4.47340343062953,1.0900380736007589,-1.0486925562075886,2.425503081413655,1749.662145208822,0.1967682016620283,60.24179760366678,0.0030301217921078205,-6.42965050982445e-07,20.148406982421875,0.08051804453134537,0.0,0.0,1.0,1180.264860130128,90443.87576486987,0.9871184073096988
-231.0916636288606,77.69788911882864,-29.055547021108456,-30.070681651709194,-90.09880750510919,-40.634382881705235,4.899229425289793,-44.56630605983328,-23.57993589456619,4.553314921275739,-37.08948113785456,-16.83427702651813,1.2085122089559264,-14.302217491054353,-10.858751250752022,-22.525578753303893,-15.531152564374898,19.539670579866254,6.101845931108483,-0.24645164904323008,1.7543422816637078,0.9008992280457898,1.3844195235292016,3.0740695552352864,6.587506718355388,-1.7489121676481876,4.86874340519346,-1.1348941653436744,3.82030602566301,-0.9109661251508652,-1.966308134401483,4.129344421511038,1411.7677117442024,0.17033066203872552,55.66431294567883,0.002744179917499423,-7.417261734943464e-07,23.480501174926758,0.05380480736494064,0.0,0.01298629678785801,0.9870137572288513,898.7821063839093,59083.40929986609,0.9850158507831667
-223.79524986390265,123.0449298296866,-21.073072816479506,-46.247737299492414,-85.13706551713675,-50.062039690265884,24.49755857460098,-46.74661625815859,-21.777469309015437,-8.214405211543786,-36.15170029297673,-18.193544436589278,-4.761936589675612,-16.412945083172175,-13.703905756885627,-4.851749575763803,-18.551600296275,18.418212759959935,6.807159874848761,0.17012325264250427,4.917213282013052,3.6648881857423996,1.5995042502220433,2.3164778964272363,6.389749830830193,-1.544532991009016,6.779427779732688,-0.8811435746541799,2.1003034418491753,-1.89078898012672,-2.320081066887665,4.440085757055041,1146.9619239813258,0.19863351111205804,27.935188830830157,0.001925422577187419,-7.569937004035008e-07,235.858642578125,0.27662912011146545,0.16185204684734344,0.7425520420074463,0.09559594839811325,3525.1868537167793,26204.77994315822,0.8814264786166084
-273.2036813492155,155.3125189148755,7.171316459515348,-48.10022994711993,-72.4735340672384,-32.970121142316984,19.329110582787695,-45.96894680642606,-13.141824299436994,-4.037545250795409,-27.877981491095458,-11.408497895342148,8.428632926607674,-16.118682689999655,-23.14398068447936,-0.9850317895817498,-21.122367545267746,13.474409884707567,5.29092435118611,0.46495867872089225,7.864239629949035,7.0407988623737525,1.6550956736147755,2.026310352324018,5.5523076057700225,-1.2967395929065881,7.370619821395969,0.2054544706122821,1.300375399563697,-0.594953042258572,-0.7124995367239026,4.272482937431021,998.7127951254176,0.1660560665162637,5.154449279420078,0.001948547549545765,-8.050345900936949e-07,188.27694702148438,0.10239493101835251,0.21696056425571442,0.5831522941589355,0.19988711178302765,1457.2553654949058,5580.083989973844,0.7929252389452462
-349.2947072760237,139.6015565639936,35.753884610470465,-26.769300011298995,-56.91499240606324,-23.071948302730128,25.204792774650954,-28.204448050605798,-14.575962704760745,-9.062359015170452,-13.28080666310801,-14.584660156326237,12.801423726120005,-14.855628464723466,-29.386643439468195,-2.171905716785307,-25.64893118934547,6.618344832841263,4.517834833562855,1.3569187805856378,8.958838490616593,8.635979792341626,1.5284983519470179,2.5727456785309526,5.110712851885251,-1.4314695843506107,7.851066305750602,0.5749401315053156,-1.3260742247998587,0.746622029308604,0.09204274459549776,2.3912092441306587,1114.125352793538,0.20228836586801682,1.114240424707532,0.0046172733418643475,-7.545208937902049e-07,21.545942306518555,0.08258641511201859,0.0,0.0,1.0,260.2256348164233,1518.7841308085767,0.8537244483731088
-359.2248745982377,139.1710028389655,38.40146160486424,-29.42458663108801,-50.93801152394663,-11.977993168685629,23.069383589779797,-17.403601382997067,6.306063506073572,-12.473063170923535,-4.133123415693009,-10.031293028683304,2.000018826011556,-27.691548622689055,-24.99689350040027,1.701998782648415,-27.379800254590453,-1.2100715803003084,2.1111413908220906,3.2204455935425984,8.696214455679351,8.142731373032305,0.2235226175052284,4.459340391147792,5.435594760365943,-0.3680648490173424,6.210321403259221,0.5761741744678752,-3.0529328103520634,2.389217290543031,0.8112846690963207,-0.20588410325942286,1158.5720801288217,0.2085730284655033,0.9654343593865633,0.0057970453053712845,-7.446919179732947e-07,40.124114990234375,0.08211518079042435,0.0,0.22551526129245758,0.7744846940040588,190.2531349973729,948.7594382448146,0.8329666068076674
-364.66294532695775,145.77311387453832,38.45773091199211,-37.14074633869648,-55.03150301129074,-2.1041103321693093,33.593236406822214,-24.468976629653,2.1648382798302634,-1.3488210410285373,4.455536208499621,-12.721229272456641,-4.226071974494543,-23.418790310355043,-23.269755171408406,1.0225618687645925,-26.55248137473864,-7.590174330435168,-2.668790617794012,3.4685791399853816,7.263725405562851,7.52404545067781,-1.2294492561431891,4.7236422073744055,4.479946377767059,0.5541988821209598,5.278910039054052,0.9261929285561159,-4.384878601068218,1.9200708678312837,1.2082962464632114,-2.4777834585219387,1178.4238737884152,0.20198630842327667,0.261635878123343,0.006569766439497471,-6.634166960345083e-07,116.09383392333984,0.2534286677837372,0.12436922639608383,0.18606312572956085,0.6895675659179688,58.72221132031748,309.17393736132317,0.8403837291291332
-389.873454673531,108.74327007323797,2.3000738817755644,-24.3372706322767,-30.360880231199864,17.52044146399684,23.002612004833072,-20.520247239534264,5.410962502554951,-10.083829681462907,-4.3271234528175055,-5.603491994429923,1.2016303533317652,-1.900700110400154,-9.513926303723814,-0.7122644718823721,-22.357989119910282,-9.879199921356596,-6.819700483548082,2.5033917343689014,4.6443434042170875,5.2999159972640415,-1.9598029107451935,4.268766377215289,3.3031240979414633,0.23285788622673592,3.587264976870394,0.46870895347099606,-5.372888439769674,2.6772418740872155,1.7292803289320042,-3.2025014282683526,1605.1112972960254,0.23380047905268952,0.10636626649647951,0.03127506002783775,-5.861530746641925e-07,26.478788375854492,0.08027670532464981,0.0,0.0,1.0,2.627913650673624,157.53157121260762,0.9835918949607204
-418.2899234171836,104.2859499320949,0.7132208536334184,-21.872339213320966,-29.50506254814828,8.477884769017402,13.324978922768342,-19.797771017931243,12.435926962912875,-5.672615855498812,12.609299027077375,-12.352183003215867,-24.720358184036012,0.7905276289481873,-4.326638392319219,-15.430580419773895,-20.168185444516475,-9.511669868199306,-8.821325025009775,1.3846741366895643,2.9317874571342077,4.068212568262581,-2.8379016067092575,2.865095876664669,1.7850902745387276,0.20850830320631408,1.7823948444708055,0.6515925504854286,-4.460310834473498,3.3970957072324848,2.4141867158469585,-2.391617199300615,1733.6972267769547,0.23656990448328985,0.07110382616519928,0.0348501056432724,-5.842287638857592e-07,53.01640701293945,0.1845577508211136,0.013630938716232777,0.14550288021564484,0.8408660888671875,33.03827014281273,67.3426960437107,0.6708711681313916
-433.7407161078653,95.3577854307004,-11.968486697872311,-9.334164388771061,-22.906792163372703,7.1144035735197155,12.697641807677195,-11.54605176147104,18.83234465983296,-1.7792421092198567,3.2850756839522606,-15.941046155953575,-21.746288538763118,3.665236504608966,-14.066680995124745,-18.61471772442483,-21.853838404544803,-8.53953987226867,-7.631791419528911,1.2546560997705616,2.078933326842343,2.01344640544948,-2.611360444947768,2.586011932289894,-0.1676446094212152,-0.0021208039034157425,0.1250641806022043,0.3489916395185674,-2.9301492525260375,3.135106044665662,1.5778851385222403,-2.5905395512873053,1855.9566297920053,0.2420114108834874,0.03281976096332073,0.04896952584385872,-5.211575926809156e-07,33.46150588989258,0.1598944216966629,0.023621290922164917,0.07906171679496765,0.8973170518875122,5.926242828220473,48.667533874660386,0.8914483813700371
-459.5199413265915,79.42310149367168,-20.204400906158227,-27.013908767165212,-32.205488613737465,9.585723338979314,16.986021135964016,-5.133331483461767,8.15893005508082,-3.8873292881120327,6.763104575736676,-3.1244281479075022,-28.943436433422804,-16.72061163656745,-18.78818114969703,-21.563333837333577,-24.355863451844915,-7.535025011483216,-4.979855907520031,-0.06735369716369324,1.451223922672172,0.3021730948618082,-2.129615123277525,3.2613770146394807,-1.58578801452208,-1.791731500183884,-1.6783156457740336,0.638862607951729,-0.5509264758674618,1.6363360336609947,0.3829081660232163,-1.6716211757953336,1974.5262833983968,0.23266350656732615,0.02909977361559868,0.04962487146258354,-5.781154210812799e-07,28.204166412353516,0.08819524943828583,0.0,0.0,1.0,2.2876548712927454,33.115882878951396,0.9353834385865303
-475.2399273325736,84.53676108701147,-18.534374990276383,-24.22821026718911,-41.73773064429902,9.84366793896219,6.349080912689779,-3.337364787248216,10.522954852153418,-8.691911079922459,5.150519478359859,-10.110422603266318,-23.859323315507595,3.707960751716737,-15.35450791523774,-20.207338297524572,-24.51127834018402,-4.945936214914758,-1.3026644029707122,-2.3631423412434307,-0.1728969210584021,-0.8785082651423726,-0.44472470652223905,3.1867739335173737,-2.754334564124127,-1.7013578339741298,-2.081229336600331,0.7205902746579534,1.1204065522172892,-0.12159849208333312,-0.293184914616585,-0.08724135396932758,1915.768920183473,0.22458220732701106,0.012136364355683327,0.04471752792596817,-5.441811292943129e-07,40.336917877197266,0.12101307511329651,0.058486972004175186,0.03950388357043266,0.902009129524231,1.5412692251713183,16.613212662646063,0.9151025496240908
-506.41088603461844,74.42356720603733,-20.965907264333538,-18.71066558052176,-33.11492042451927,18.34158702751767,6.056345866547684,-7.689058790058841,2.6853314768154934,-9.577491304845564,3.43554986560345,-6.965436740001206,-16.613070232355245,7.810601622313367,-1.5082302286411846,-5.845599729980069,-24.60204513584104,-4.894747955409383,1.2623615198140807,-1.8493056805863504,0.8212192172328213,-0.7874134940963108,-0.1378635724060289,2.2405538600691375,-3.9651464913976215,-2.1136056424698086,-2.9308634947266134,1.2360992885679807,3.24351979220587,-0.445002127340156,0.1827488888388041,1.3654360278534527,2079.440508659415,0.22685371276956198,0.006182546727359295,0.08178108930587769,-5.358143985068658e-07,21.775375366210938,0.09452205151319504,0.0,0.5190487504005432,0.4809512495994568,0.03803347670328373,9.057656296856287,0.9958185165006569
-527.7307543287909,82.90903135903031,-15.861051179851273,-23.19644349724337,-29.82791683844322,6.450857013318176,11.963149813541914,-3.4559118881046853,1.9142775191752022,-7.47565347422892,-4.769443802241326,-9.166736244655267,-19.07572487171709,-2.513547516884986,-11.11408363454067,-20.72424802039163,-23.73113903029157,-4.737965772705945,3.097269012154414,-1.704264891691535,1.21332598626713,-1.5806061473823165,-0.4416567814496849,1.6061222465645493,-3.248030249764033,-0.9821746086283132,-1.5248275634776463,1.6175545186465348,3.493097178969494,-0.6371228951397613,0.8840166891300063,1.9255893607643273,1753.630506064898,0.2162345131800851,0.0040550800040364265,0.047237198799848557,-6.062270364712119e-07,953.1434936523438,0.0002828044816851616,0.908426821231842,0.09157322347164154,0.0,0.3631852963283841,5.116891016690415,0.9337262337997778
-572.172638248292,69.75986518689686,-10.138227772503722,-36.86399749422197,-27.150203157358575,5.116507208156058,15.150062952984893,3.5468992188751076,-12.046823005497544,-26.500320731863255,-16.26694458390795,-4.616885985290849,-0.8073379753740926,-1.9348323090360404,-17.41326203475829,-13.43710330840544,-22.550843737934848,-5.841172702334625,4.024603820340321,0.6617745265928014,3.05613520294931,-1.7190619709722634,-0.43912551147497697,1.0885036660712273,-2.570002267896244,-0.7342615859572178,-1.6253172319232259,1.1854943870174837,3.9223715456836636,-0.11898410091335439,0.7663052213073697,1.6504720801828578,1668.069236763889,0.21394747326074118,0.002343989908695221,0.021062178537249565,-5.96174014621815e-07,992.9738159179688,6.08182126597967e-05,0.9429073929786682,0.0570925734937191,0.0,0.19329806055209087,2.701319496973544,0.9332215545886051
-583.4128383654904,67.9230510161588,-6.964646862648953,-43.68533328267711,-31.032558299937467,5.006658015473439,18.062593198758798,6.366720975587663,-7.714560268103921,-15.712672347113598,-9.029232372953366,-3.0230134456301165,-4.34490990369525,-4.724068842135208,-9.893018701699283,-6.3906609938036025,-20.82129786126278,-7.809895810249318,3.8495101190830177,1.7064984717525427,3.804744476167746,-2.044765773245904,-0.5327323791391527,0.7715259007258919,-1.888392829761586,0.1205516267615567,-0.9969207587957203,1.3428942610233647,3.03982131723653,-1.1290742061455643,0.732733681333418,1.7327447237635722,1563.4244871946673,0.2117284550837786,0.0008850516751408577,0.022177569568157196,-6.068863917620352e-07,1015.4656372070312,8.391622395720333e-05,0.8928576707839966,0.1071423664689064,0.0,0.0429710723819503,1.2589409969387284,0.9669938750899113
-605.6174535516757,56.67933199724309,10.194346254993572,-19.181445080644732,-16.59754586688579,1.3303023229300845,6.747773659643234,-3.934521245642539,-14.876045848565036,-15.924196493673398,-8.122906951169982,-2.9889108783998424,-4.382544117220858,-5.430037867711299,-6.463217407449894,-8.050970383685334,-18.094270898680158,-9.136930886251795,3.263542641307124,3.0178855243213243,3.8314052532704883,-1.828884644072855,-1.0502887780510408,0.7573216179881084,-0.5382313081927452,0.7534146475384711,-0.3552253078747837,0.8413079658456851,2.2359277433612172,-0.45723682582703784,0.7180165288837439,1.1476270262171642,1686.6297755894873,0.22760249605307442,0.0004225457087159157,0.044577889144420624,-5.873201421482769e-07,32.349403381347656,0.04147055372595787,0.0,0.11069132387638092,0.8893086910247803,0.06117176623523812,0.5055974164467992,0.8920693500910475
-609.6077738235488,50.81890650264415,3.199704176808875,-26.50559104286539,-23.256624918475474,-4.678347958593326,5.621290278528698,3.9856418749813445,0.1899190218138067,0.25687715587646565,3.5926704150020314,4.089791404118007,-1.479139861523642,-7.707163969366242,-8.804640120099961,-4.875612660450255,-14.94446293190838,-9.949132703002016,2.3056089038258616,4.6545200417414145,4.115019219248822,-0.6617808222537368,-1.5322471938357272,0.30365869170887116,0.47155318702856125,1.4652159099943585,0.5591529665622141,0.6516179605551651,1.7075054819908768,0.6306160685318818,1.689513949777254,1.6407831332667648,1536.7028323734608,0.21127954839326574,0.0002773553133010864,0.028102844953536987,-6.448192507377005e-07,24.83316421508789,0.057051148265600204,0.0,0.11986138671636581,0.880138635635376,0.018399313979924423,0.3075276455346935,0.9435477384033363
-633.4829077596793,29.712514587042815,6.059869184668483,-10.021643090096063,-8.181816777308669,3.5579977993169822,9.074406696608177,1.3690415228032295,-11.45342898109807,-16.380236941684405,-9.604091554528605,0.48363352125953507,3.3090323617715245,-2.7710795331306377,-10.033776320245817,-10.785758292190827,-10.807309298964826,-8.589910965977753,1.6115967621544158,5.709895330772602,4.107494274800029,-0.2902910075797345,-1.5541620047003677,-0.006079660874410753,1.4455338562168185,2.1784459507708505,0.760598408869696,0.0009718086773891771,0.5573172588386034,1.0025894107421487,2.0640953782042852,1.1715818823995683,1594.0509395535628,0.22881746543719608,0.00010185223072767258,0.032075706869363785,-6.175434683485202e-07,34.7444953918457,0.28539755940437317,0.035524480044841766,0.06560880690813065,0.8988666534423828,0.03339712948753064,0.14313183097885424,0.8108121783570451
-642.9556653844948,20.236809123124125,4.325423274012954,-7.913564389303547,-9.290201519792856,-3.2289730313136022,1.3660516938991454,-0.4084732764199954,-5.6293822913876195,-8.291873825470137,-6.240627355283073,-2.5890689849707984,-1.1080714721897706,-1.8212818579742749,-1.8615760405804522,0.21810056943635894,-10.807309298964858,-8.589910965977749,1.6115967621544156,5.709895330772596,4.1074942748000245,-0.2902910075797344,-1.5541620047003661,-0.0060796608744108594,1.4455338562168172,2.1784459507708487,0.7605984088696959,0.0009718086773893555,0.5573172588386028,1.0025894107421476,2.0640953782042843,1.1715818823995676,1671.8333898257697,0.2380168810050685,4.576425999403e-05,0.040392227470874786,-5.65768130751288e-07,38.96733093261719,0.09056337177753448,0.0,0.17353293299674988,0.8264671564102173,0.016173297966099235,0.0811428106779094,0.8338065692159696
-654.2023976028346,8.673482017495786,2.2072402764245838,-2.620654808672657,-2.475304649840182,1.368696097834914,4.397991643760038,3.069385144186784,-2.003210122832737,-6.716535599174531,-7.276344299415516,-3.6075286627915073,0.6754781893018011,1.5967473845798255,-1.639200493511261,-6.042390370539248,-10.807309298964858,-8.589910965977749,1.6115967621544156,5.709895330772596,4.1074942748000245,-0.2902910075797344,-1.5541620047003661,-0.0060796608744108594,1.4455338562168172,2.1784459507708487,0.7605984088696959,0.0009718086773893555,0.5573172588386028,1.0025894107421476,2.0640953782042843,1.1715818823995676,1851.1854308376014,0.25845643552520364,3.390852361917496e-05,0.05097189545631409,-5.812638457070767e-07,0.0,0.0,0.0,0.0,0.0,0.0,0.0,0.0
-653.6376017300065,10.071653490118322,4.852565540090728,0.7630151703918888,0.41608690718370167,2.8958946665497796,4.810107881113245,3.5188104774370133,-0.44337754261988016,-3.9316428226490725,-4.149105875172934,-1.2345931584468024,1.8834318991383063,2.180875665155706,-0.7250021461775735,-4.279219529283413,-10.807309298964858,-8.589910965977749,1.6115967621544156,5.709895330772596,4.1074942748000245,-0.2902910075797344,-1.5541620047003661,-0.0060796608744108594,1.4455338562168172,2.1784459507708487,0.7605984088696959,0.0009718086773893555,0.5573172588386028,1.0025894107421476,2.0640953782042843,1.1715818823995676,1906.0429174454234,0.2568512372773942,3.695394843816757e-05,0.06957899779081345,-5.499467851002813e-07,0.0,0.0,0.0,0.0,0.0,0.0,0.0,0.0
